Itens,Valor,qtd
teste1,0,False
teste2,0,False
Martelo de Conexao Divino,85000000,True
Lapis Triplo Sabio-,0,False
Lapis de Absorgao Ly?,0,False
Protetor Imperial do Sabio-,10000000,False
Recreation GM: INT,2000000000,False
Lapis Rosers:,0,False
Lapis Fortuna Lv6_,0,False
Runa de Recriagao (STR),6000000,True
Lv2 Interser Lapis,0,False
Runa de Ressurreigao 6h,20000000,True
Guarda Inundante,0,False
Lapis da Fortuna Duplo Lv5-,0,False
Emblemas de Guilda-,0,False
Lapis de Absorgao Lyd,0,False
Elmo Luminoso Matador,0,False
Lapis de Absorgao Lv6-,0,False
Malha Luminosa Matador,0,False
Perneira Luminosa Matador,0,False
Bracal Luminosa Matador,0,False
Bota Luminosa Profana,0,False
GM Link (NT),1300000000,True
Queijo Eteo:,0,False
Pd Alquimia Terrestre,21000,True
Frasco de Esséncia Celestial,0,False
Capa da Prosperidade,0,False
Kit de atiracor,0,False
Bau do Conjurador Arcano,0,False
Amuleto Natalino |,750000000,False
Calga Luminosa Imperial,0,False
Olho Degenerado,0,False
Manopla de Autoridade Bril.,0,False
Lapis Mistico Duplo Ly5-,0,False
Lapis da Vida Ly?,0,False
Lapis Seguro Ly?,0,False
Remedio da Inteligencia Lv1,0,False
Pedra de EXP 10x (1h),150000000,True
Caixa de Lapisia para Armadura 2 (Nv 11 aN,40000000,True
Langa do Destino,0,False
Avambracgo de Yinganga Bril.,0,False
Caixa de Lapisia para Armadura 3 (Nv 16 ah,100000000,True
Remedio Energetico Ly3_,0,False
Malha Luminosa Corrupta de Fogo:,2000000000,False
,0,False
Runa de Ressurreigao do Amigo.,3000000,True
Legadoa Intinito:,150000000,False
Grande Forma:,500000000,False
Pedra de EXP 5x (1h),10000000,False
Atrocidade Infinita,10000000,False
Elmo Luminoso Supremo,10000000,False
Lapis Veloz Lv1,0,False
Recreagao GM Token,4000000000,False
Token de Arma Elemental Epica:,15000000000,True
Token dé Recreagao Maxima,1000000000,False
Token dé Impulso de Recreagao,1000000000,False
Lamina de Forma Intinita,0,False
Elmo Luminoso Suprema,10000000,False
Manopla Luminosa Suprema,100000000,False
Uivo Lupino do Intinito:,300000000,False
Furia Intinita,10000000,False
Loucura Infinita |,10000000,False
Dangarina Fantasma Intinita:,150000000,False
Luar Intinito:,150000000,False
Dedos Ageis Infinitos,10000000,False
Confissao Infinita:,10000000,False
Sabio Infinito.,10000000,False
Vento do Oeste Infinito,10000000,False
Ultimo Sussurro Infinito.,10000000,False
Ambicao Infinita:,150000000,False
Tufao Infinito:,10000000,False
Ambigao,500000000,False
Typhoon,700000000,False
Ultimo Suspiro:,800000000,False
Vento do Oeste,800000000,False
Legado Antigo,400000000,False
Sabedoria Ancestral,500000000,False
Contissao°,400000000,False
Dedo Agil,400000000,False
Espada Curta Leve Herdico:,2000000000,False
Garra Ferro Herdico:,10000000,False
Sombra Lunar,400000000,False
Ira Incandescente,10000000,False
Lamina As Herdico:,10000000,False
Dancgarina Fantasma,10000000,False
Garra Ferro Heroico:,10000000,False
Lamina As Heroico:,10000000,False
sombra Lunar,10000000,False
Ambi¢ao Infinite:,0,False
False,0,False
Bota Luminosa Rancor,0,False
Buraco Negro do Infinite”,100000000,False
Sede de Sangue,200000000,False
Espada do Intinito’,400000000,False
Medo Brutal,500000000,False
Explosao Esmagadora,200000000,False
Lamina Perolada,200000000,False
Machado de Prata Duplo Her.,10000000,False
Lagrima do Lobo,700000000,False
Visao do Horror:,700000000,False
Justiga é Julgamento,10000000,False
Martelo de Cristal,200000000,False
Remarty,10000000,False
Escuridao do Yazio-,100000000,False
Clava de Espinhos Herdica,10000000,False
Passaro Negro Herdico:,10000000,False
Colar Natalino |,10000000,False
Anel Natalino-,750000000,False
Bracelete Natalino |,750000000,False
Bracelete do Sol Ardente,10000000,False
Hoplon Herdico,10000000,False
Escudo Herdico:,10000000,False
Snowboard Natalino-,10000000,False
Asa Negra,10000000,False
Rena do Papai Noel,10000000,False
Pedra Invoca Cavalo Negro:,10000000,False
Pedra Invoca Dragao de Dua.,10000000,False
Pedra Invoca Tigre Branco:,10000000,False
Pedra Invoca Unicornio Arm.,10000000,False
Pedra Invoca Cavalo Armada,10000000,False
Cortador ‘ivido Infinito,0,False
Runa de Recriagao (INT),5000000,True
Sede Infinita,10000000,False
Colar de Prata:,0,False
Chumbo Oxido Herdico:,0,False
Calgado Adamas Deusa,10000000,False
Lamina de Forma Infinita,10000000,False
Armadura Imperial Espinhosa-,10000000,False
Mudanca de faccao de item,100000000,False
Lapis da Fortuna Lyd,0,False
Luvas Escamas Atroz,10000000,False
Runa de Recriagao (REC),5000000,True
Armadura Adamas Deusa-,10000000,False
Calga Luminosa de Clerigo-,0,False
Pogao de Reino,200000,False
Para-Raio-,0,False
Pergaminho Troca de Nome,0,False
Perneira Luminoso Rancor,0,False
Perneira Luminosa Tirana,0,False
Recreation GM: vviS-,0,False
Perneira LuminosaVingan¢ga,0,False
Armadura Lapisia:,1500000,True
Recreation GM: MP,0,False
Lapis Fortuna Triplo Definitivo,0,False
Capa da Forca de Hercules:,0,False
Lapis Caos:,2000000000,False
Botas Imperiais Espinhosas:,10000000,False
Malha Luminosa Yinganga,0,False
Runa de Batalha Media (30 dias),200000000,False
Unhas Infinitas:,0,False
Botas Imperiais do Horizonte,10000000,False
Lengo Tatoram Perito,0,False
Runa de Batalha Real (30 dias),300000000,False
Caixa de Lapisia para Arma 3 (Nv 16 a Nv 20,50000000,True
Remedio Resisténcia Ly2_,0,False
Malha Luminosa Corrupta de Terra,2000000000,False
Lapis Luz do Fogo Lv.2.,0,False
Lapis Artesanal Lv,0,False
Malha Luminosa de Tirano:,0,False
Runa de Batalha Fraca (24 horas),0,False
Bracal Luminoso Corrupto:,0,False
Lapis Mecanico N° 1,0,False
Lapis do Astucia Lyd,70000000,True
Martelo de Extragao Pequeno,0,False
Elmo Luminoso Corrupto |,0,False
Protecao Divina:,0,False
Bota Luminosa Tirano:,0,False
Perneira Luminosa Corrupto-,0,False
Luvas Sinistras:,0,False
Bota Luminosa Corrupta |,0,False
Amuleto da Sorte:,0,False
Cajado de Mondelsyon-,0,False
Lapis Mecanico N° 4,2000000000,False
Botas Unicornio Legendario:,0,False
Resistencia Eterna 7 dias,0,False
Lapis Sonico Lv2,0,False
Malha Luminosa de Rancor de Vento:,2000000000,False
Medco Infinite”,0,False
Chapeéu de Rudolph,0,False
Armadura Terra Legendario:,0,False
Martelo de Extragao Grande,40000000,True
Lapis Astucia Duplo Lv5-,0,False
Pogaa Intocavel Lv2-,0,False
Lapis Artesanal Lv?,0,False
Martelo de Extragao Extra Grande,0,False
Saco de Runas de Rec Premium,1000000,True
Lapis Astuto N. 9,200000000,False
Lapis Triplo Fortuna,0,False
Runa de Convite Membro-,100000,False
Cadaver diabolico,0,False
Grimorio Enigmatico,0,False
Tintura de Asas Crowly,0,False
Amuleto Fenix Vermelha,100000000,False
Lapis Sabio Ly,0,False
Lapis Toxina Lv?,0,False
Malha Luminosa Protana de Terra:,2000000000,False
Lapis Mecanico N° 2,20000000,True
Capacete Loxe Legendario |,0,False
Luvas Loxe Legendario,0,False
Calga Tathar Legendario:,0,False
Armadura Tathar Legendario:,0,False
Bracelete Deusa,0,False
Colar da Deusa,0,False
Maca de Ouro:,0,False
Sucesso Intinito:,0,False
Lapis Decdsy,0,False
GM Encanto Ly.?-,0,False
Lapis Rasio-,0,False
Lapis Mistico Duplo Lv1,0,False
Lapis Adi,0,False
Sorvete de Uva.,0,False
Lapis Roser,0,False
Lapis Fortuna Ly?,0,False
Amuleto de Ouro de Guerreiro:,0,False
Runa de Movimento,100000,True
Sorvete de Melao-,0,False
Doce de Morango,0,False
Bracal Luminosa Vingan¢ga,0,False
Lapis Fortuna LyS_,0,False
Lapis da Astucia Lv?,0,False
Lapis Lento Ly?,0,False
Lapis de Rasteiar Lv6-,0,False
Lapis Capacete INT,0,False
Lapis Congelador Lv6-,0,False
Malha Luminosa Profana de Fogo:,0,False
Perneira Luminosa Profana,0,False
Elmo Luminoso Profano,0,False
Bracal Luminoso Profano |,0,False
Dentes Degenerados,0,False
Capa do Sinistro,0,False
Malha Luminosa Profana de Agua,0,False
Lapis Veloz Max.,0,False
Malha Luminosa Profana de Yento,2000000000,False
Token de HPMP/SP de Recreagao,10000000,False
Vale de Transferencia de Item,3000000000,False
Luvas Loxe,0,False
Armadura Imperial Pacifica,10000000,False
Lapis Artesanal Triplo Definitivo:,2000000000,False
Pedra Invoca Basilisk das,0,False
Protetor Eremita Deusa:,10000000,False
Grip.,5000000,True
Calgado Eremita Deusa,0,False
Capa do Poder de Merlim,0,False
Capa da Defesa de Esparta,0,False
Fragmento de Onix,0,False
Token de Dobro de Recreagao:,10000000,False
"Pedra Fossil,",0,False
Capacete Imperial Genial,100000000,False
Amuleto de Ouro de Assassino |,0,False
Malhete de Cristal Intinito:,0,False
Cubo Lapisia Perfeita,0,False
Anel Resplandescente de As.,0,False
Lapis Fortuna Duplo Nv6-,0,False
Bracadeira de Ouro de Assa.,0,False
Bracadeira Resplandescente.,0,False
Salvagao,0,False
Eliminador Infinito:,0,False
Olho de Aguia Infinite,0,False
Bracelete Categoria Alta,0,False
Sussurros Infinitos:,0,False
Estripador Infinito.,0,False
Malha Luminosa de Rancor de Fogo,2000000000,False
Espada do Caos Intinito,100000000,False
Lapis Veloz Ly2-,0,False
Destruidor Intinito:,0,False
unhas diabdlicas,0,False
Capacete Agaton Deusa,0,False
Anel da Deusa,0,False
Bigorna do Bracelete Eterna,0,False
Anel do Dia dos Namorados:,0,False
"A,Estrela de Eolo",0,False
"A,Estrela de Demeter",0,False
Luvas Medicus,0,False
Runa de Batalha Fraca (15 dias),0,False
Colar de Reino,0,False
Armadura Hanor Deusa,10000000,False
Calga Hanor Deusa,10000000,False
Prancha de Snowboard,0,False
Cajado Estranho |,0,False
Armadura Plena Conflito,0,False
Legado de Mistra.,0,False
Chip de Obsidiana Runada-,0,False
Recreagao Doubler: vviS-,10000000,False
Recreation GM: HP,1000000000,False
Recreagao Doubler: STR”,50000000,False
Runa de Batalha Media (15 dias),10000000,False
Runa de Batalha Real (24 horas),1000000,False
Recreagao Doubler: DEX:,80000000,False
Recreagao Doubler: REC,50000000,False
ERRO,0,False
Capacete Aquine Heroico |,10000000,False
Capacete Colmeia Herdico,10000000,False
Capacete Escamas Heroico:,10000000,False
Capacete Metrin Heroico:,10000000,False
Capacete de Couro Duro Heroico:,10000000,False
Chapeéu Imperial do Horizonte,10000000,False
Chapeéu Imperial do Sabio,10000000,False
Capacete Imperial Espinhoso:,10000000,False
Capacete Imperial Pacifico:,10000000,False
Elmo dos Duendes (L),10000000,False
Elmo Natalino-,10000000,False
Capacete de Metal Heroico,10000000,False
Armadura Imperial Genial,100000000,False
Protetor Imperial Veloz,10000000,False
Armadura Dentron Venia-,10000000,False
Protetor Imperial do Horiz.,10000000,False
Armadura Bronze Vénia,10000000,False
Calgas Imperiais Espinhosas,10000000,False
Calga Dentron Veénia-,10000000,False
Calgas Imperiais do Sabio-,10000000,False
Calgas Imperiais Géniais:,100000000,False
Calgas Imperiais ‘Veloz,10000000,False
Calgas Imperiais Pacificas:,10000000,False
Calgas Imperiais do Horizonte,10000000,False
Armadura Inferior Brutal V’.,0,False
Luvas Metal Atroz,10000000,False
Luvas Quine Atroz:,100000000,False
Luvas Couro Rigido Atroz,10000000,False
Luvas Apis Atroz:,10000000,False
Luvas Imperiais Geniais,100000000,False
Luvas Metrin Atroz:,10000000,False
Luvas Imperiais do Horizonte:,10000000,False
Luvas Imperiais Yeloz,10000000,False
Luvas Imperiais Espinhosas-,10000000,False
Botas Imperiais Geéniais,100000000,False
Botas Imperiais do Sabio:,10000000,False
Botas Imperiais Veloz,10000000,False
Botas Imperiais Pacificas:,10000000,False
Capa Imperial de Cléerigo,10000000,False
Capa de Luta,10000000,False
Capa Imperial de Guerreiro,10000000,False
Capa Imperial de Lutador,10000000,False
Capa Vitoria,10000000,False
Capa Imperial de Mago,10000000,False
Capa Imperial de Cagador,10000000,False
Capa Imperial de Arqueiro:,10000000,False
Capa Cruel Persa,10000000,False
Capa Imperial de Oraculo”,10000000,False
Capa Imperial de Defensor,10000000,False
Capa da Forca de Aquiles:,10000000,False
Capa Imperial de Ranger,10000000,False
Capa de Guilherme Tell.,10000000,False
Capa Imperial de Assassino-,10000000,False
Capa da Defesa de Troia-,10000000,False
Capa do Juramento de Hipoc.,0,False
Botas Tathar Legendario:,0,False
Tintura de Montaria Crowly,0,False
Prevengao de queda de Item.,0,False
GM Encanto Ly.15_,1500000000,False
Lapis da Sonoléncia Lv?,0,False
Lapis Seguro Triplo Definitivo:,2000000000,False
Calgas de Imperador,0,False
Lapis Astuto Triplo Definitivo |,0,False
Lapis do Azar Lv?,0,False
Armadura Inferior Eremita,0,False
Capa Infinita de Cagador,0,False
Luyvas Yallum,0,False
Dual Mystic Lapis Ly?,0,False
Luvas Adamas Deusa,10000000,False
Plumas da Coragem,0,False
Quadrado Cintilante Leve,0,False
Escudo Graven,0,False
Espada Sagrada,0,False
Calga de Placa Legendario |,0,False
Bracadeira de Lutador Rara-,0,False
Remedio Etain Lv.2-,0,False
Runa de Recriagao (VIS),0,False
Arco Follushe,0,False
Pluma dos Deuses:,0,False
Lapis Sonico Lv1,0,False
Fragmento de Lapis Astuto Triplo-,0,False
Fragmento de Lapis Mistico Triplo,0,False
Amuleto do Sol Ardente,0,False
Anel do Papai Noel Ly.3-,0,False
Arco de Ataque Atroz,0,False
Lapis Astucia Duplo Nv6-,0,False
Lapis em forma de Coragao,20000000,True
Lapis Ponto Cego Ly?,200000000,False
Amuleto de Lutador Raro-,0,False
Armadura Perseguidor,0,False
Grito do Dragao:,0,False
Lapis de Vigor Lv,0,False
Luvas Perseguidor,0,False
Amuleto Sénico Natalino |,0,False
Fogos de Artificio Vitoria:,0,False
Botas Persequidor,0,False
Lapis de Rasteiar Ly?,0,False
Lapis Silencioso Ly?,0,False
Capa Cruel Siria.,0,False
Armadura Luminosa Clerigo de Fogo:,2000000000,False
Lapis Panico Lv?,80000000,True
Vahala Atroz:,0,False
Capa da Sagacidade,0,False
GM Encanto Ly.14,800000000,False
Runa de Batalha Media (24 horas),0,False
Capa Afortunada,0,False
Bracelete de Reino,0,False
Lapis Desorientagao Ly?,0,False
Malha Luminosa de Rancor,0,False
Crista de Retidao:,21000,True
[100)Etin:,0,False
Lapis Fortuna Duplo Nv?,500000000,False
[10)Etin,0,False
(1]JEtin,0,False
GM Encanto Ly.13,350000000,False
Lapis da Astucia Lv6,0,False
Lapis Astuto Triplo-,0,False
Caiado Cruz Herdico:,0,False
Armadura Luminosa Imperial,0,False
Voz Divina Intinita:,0,False
Lapis Sabio Triplo Definitivo:,0,False
Lanceta Infinita de Cavaleiro,0,False
Grotesca Infinito |,0,False
Armadura Inferior Lusco Le.,0,False
Capa do Conflito |,0,False
Capa Brilhante,0,False
Arma Lapisia:,400000,True
Agua Benta da Fronteira:,0,True
Pogao Etain Lyv1,500000,True
Espada Runa Gaia,0,False
Capacete Unicornio Legendario |,0,False
Pedra de Stats:,0,False
Botas Celeritas,0,False
Calgas Celeritas:,0,False
Luvas Celeritas dos Sonhos,0,False
Manto Celeritas,0,False
Capa do Perseguidor,0,False
Runa da Ressurreigao,0,False
Caixa de Lapisia para Arma 2 (Nv 11 a Nv 15,50000000,True
Bota Luminosa Imperador,0,False
Lapis Mistico Duplo Ly4,0,False
Lapis Proibido Ly?,0,False
Runa de Recriagao (DEX),4500000,True
Lapis Seguro N. 9,80000000,True
Laminas Terriveis da Morte,0,False
Manto Azriel,0,False
Lapis Artesanal Duplo Ny?,0,False
Arco da Alma,0,False
Botas de Autoridade Respla.,0,False
Anel de Ouro de Defensor,0,False
Brionac,0,False
Lapis Triplo Seguro,900000000,False
Espada Demoniaca,0,False
Bota Luminosa Imperial,0,False
Soco Inglés Pendulo-,0,False
Lapis Lento Lv6-,0,False
Fragmento de Lapis Triplo Seguro,0,False
Anel Artesanal Heroico:,0,False
Fragmento de Lapis Triplo Fortuna,0,False
Lapis Desorientagao Lv6-,0,False
Fragmento de Lapis Triplo Sabio-,0,False
Runa de Recriagao (LUC),1000000,True
Armadura Luminosa Imperador de Fogo:,2000000000,False
Token de Restauragao de Nivel.,500000000,False
Luva Luminosa Imperador,0,False
Pedago de Asa,0,False
Amuleto de Ouro de Clerigo:,0,False
Anel de Ouro de Clerigo,0,False
Lapis Vivido N. 9,60000000,False
Anel Resplandescente de Cl.,0,False
Lapis Artesanal N. 9°,90000000,True
Lapis Sabio Duplo Lv,0,False
Anel Resplandescente de Or.,0,False
GM Encanto Ly.20°,2700000000,False
Lapis Seguro Duplo Ly,0,False
Lapis Artesanal Duplo LyS-,0,False
Amago Manitu-,0,False
Capa Fatal,0,False
Token de Impulso de Recreagao:,4000000000,False
Botas Mithril Perito,0,False
Coragao Vivo.,0,False
Manto Lamiel,0,False
Fragmento de Estrela Cadtica:,0,False
Lucifer Herdico |,0,False
Quadrado Caotico Luz,0,False
Caixa de ltens de Joias Eternas,0,False
Tintura de Armadura Crowly,0,False
Capacete Deprimo,0,False
GM Encanto Ly.16,100000000,True
Anel de Lutador Resplandes.,0,False
Cobra Perversa:,0,False
Bracadeira de Lutador Resp.,0,False
Faros Pilum,0,False
Lapis Artesanal Triplo-,0,False
Lapis de Absorgao LyvS-,0,False
Inferno Atroz:,0,False
Luvas Adamas Herdico:,0,False
Crista de Engano:,0,False
Lapis Estrelar,0,False
Manto Karoum,0,False
Carino Hrapsodia:,0,False
Fragmento de Placa Caos,0,False
Martelo da Dificuldade,0,False
Lapis Mental Ly?,0,False
Lapis Mental Lv6_,0,False
Lapis Mistico Lv6-,0,False
Lapis Choque Terrestre Ly.2.,100000,False
Lapis Luz da Agua Ly.2.,0,False
Lapis Sabio Lv6-,0,False
Recreation GM: LUC,0,False
Lapis Seguro Ly6-,0,False
Lapis Panico Terrestre Ly.2,0,False
Nirvana Intinito:,0,False
Manto Zagzagel,0,False
Lapis Fogo Ardente Lv.2.,0,False
Aumento de EXP 7 dias,0,False
Token de Recreagao Maxima,5000000000,False
Caixa de Foria do Campeao,0,False
Lapis Rasyo-,0,False
Caixa de Escudo do Sentinela,0,False
Amuleto de Ouro de Lutador,0,False
Armadura Conflito |,0,False
Elmo dos Duendes (F),0,False
Runa de Recriagao,0,False
Lapis Artesanal Lv6-,0,False
GM Bolsa Recreativa,0,False
Lapis Luz do Fogo Lv.1,0,False
Bracelete Nobre,0,False
Runa Recriagao Absolute:,10000000,False
Lapis Silencioso Ly6-,0,False
Lapis Sabio Duplo Ly3-,0,False
Martelo de Reparo,0,False
Tintura de Mascote Crowly,0,False
Anel Raro de Guerreiro:,0,False
Lapis Artesanal Lv5-,0,False
Pogao Arcana,0,False
Recreagao Exchange: INT,0,False
Caixa de Odin 2,0,False
Token de Restauragao de Item,100000000,False
Lapis Capacete REC,0,False
Martelo Glorioso,0,False
Calga Luminosa do Sabio-,0,False
Lapis Mistico Lv5-,0,False
Pedra Invoca Fenix Terrestre:,0,False
Lapis da Astucia LyS-,0,False
Arcubalista Atroz:,0,False
Grama,0,False
Anel de Cobre de Arqueiro,0,False
Tentaculo Degenerado,0,False
Remedio Resistencia Ly3 XT,0,False
Protetor Caido Resplandesc.,0,False
Manopla Mistica Brilhante,0,False
Botas Caidas Resplandescentes,0,False
Botas Misticas Brilhantes,0,False
Armadura Brilhante de Terra:,0,False
Lapis Adeo,0,False
Arcubalista Legendario,0,False
Capacete Medicus,0,False
Remedio Agilidade Lvy3 XT,0,False
Dente de Dragao Legendario:,0,False
Capacete Caido Resplandesc.,0,False
O Absoluto Legendario:,0,False
Inferno Legendario-,0,False
Sangue Rubro Legendario:,0,False
Nemesis Intinita.,0,False
Ascalao Legendario,0,False
Escudo Messias Escarlate L.,0,False
Capa Infinita de Arqueiro:,0,False
Pedra de Skill,0,False
Nostrum da Arte Negra:,0,False
GM Encanto Ly.6,0,False
Runa de Batalha Media (7 dias),0,False
Poeira Cosmica,0,False
Luvas Dentron Yénia,0,False
GM Encanto Ly.1.,0,False
GM Encanto Ly.3-,0,False
GM Encanto Ly.10°,0,False
Rachroma Ashe,0,False
Lapis Artesanal Duplo Ly3-,0,False
Armadura Luminosa Suprema de Terra:,2000000000,False
Armadura Luminosa Imperial de Fogo.,0,False
Pogaa Intocavel Lv1_,0,False
Lapis Seguro Ly5-,0,False
Calgas de Autoridade Brilh.,0,False
Calgado Fatal,0,False
Calgado Sinistro-,0,False
Botas Brilhantes |,0,False
Princesa de Ferro,0,False
Lapis Capacete LUC,0,False
Malha Luminosa Corrupta de Agua:,2000000000,False
Capacete Quine,0,False
Recreagao Exchange: REC,0,False
Elmo Dragao Anciao,0,False
Armadura Inferior Caida Br.,0,False
Protetor Inferior Caido Br.,0,False
Lapis Mistico Triplo-,0,False
Aumento de Ouro 30 dias,0,False
Pergaminho de Teleporte da Cidade,0,False
Mineério de ferro bruto:,0,False
Lucky Lapis,0,False
Floco de Neve de Poseidon:,0,False
Capa da Vitoria:,0,False
Depdsito Duplo.,0,False
Lapis da Vida Lyd,0,False
Lapis Ventania Ly.2-,0,False
Malha Luminosa Yinganga de Terra:,0,False
Lapis Seguro Lyd,40000000,True
Lapis escurc,0,False
Recreation GM: REC,3000000000,False
GM Encanto Ly.17_,80000000,False
Elmo Luminoso de Clerigo,0,False
Fragmento de Lapis Artesanal Triplo-,0,False
Nostrum Defesa XT,0,False
Nostrum Golpe Limpo XT,0,False
Protetor Lusco Legendario |,0,False
Capa do Defensor,0,False
Anel Resplandescente de Gu.,0,False
Runa Revocagao do Depasito |,0,False
Lapis do Azar Lv6,0,False
Lapis Panico Lv6,0,False
Lapis Enfermo Lv6-,0,False
Anel da Determinagao,0,False
Runa de Ressurreigao 30 dias:,400000000,False
Lapis Sabio duplo Ny?,0,False
Botas Terra Atroz,0,False
Armadura de Autoridade Bri.,0,False
Armadura Mistica Brilhante,0,False
Runa de Ressurreigao 15 dias:,100000000,True
Lapis Fortuna Duplo Lv1,0,False
Besta Tiro Mortal,0,False
Lapis Astucia Duplo Lv3-,0,False
Capa Reforgada,0,False
Fragmento de Lapis Horizonte,0,False
Demolidor Infinite,0,False
Amuleto de Saude Ly2-,0,False
Capa de Robin Hood:,0,False
Armadura Imperial Brilha:,0,False
Capacete de Imperador Resp.,0,False
Dor Imortal Atroz,0,False
Armadura Resplandescente d.,0,False
Recreagao Max: INT,0,False
Agonia Infinito-,0,False
Elmo Luminoso do Sabio,0,False
Lamina do Sucesso Atroz,0,False
Calgado Adamas Atroz:,0,False
Coragao Leao Atroz,0,False
Armadura Dragao Atroz,0,False
Acido Aurico Infinito:,0,False
Nostrum Yeloz,0,False
Lapis Capacete vVIS-,0,False
Nostrum Dominador de Armas,0,False
Lapis Puro,50000000,False
Lapis Capacete STR,0,False
Lapis Proibido LyS-,0,False
Agua Benta de Prolelium,0,False
Lapis do Engano Lv6-,0,False
Tormenta Tempestuosa-,0,False
Engolidor de Cadaver Legen.,0,False
Lapis Choque Terrestre Ly.1.,0,False
Lapis da Vida Lv6,0,False
Garra Nobre-,0,False
Bigorna do Amuleto Eterna,0,False
Luvas Conflito:,0,False
Luvas Obstinadas,0,False
Garra Ferro Yéenia-,0,False
Leao Furioso,0,False
Lapis Sabio Duplo Ly2-,0,False
Lapis Artesanal Duplo Ly4,0,False
Armadura Luminosa do Sabio-,0,False
Lapis Artesanal Duplo Lv1,0,False
Lapis Decd,0,False
Armadura de Campeao,0,False
Armadura do Feiticeiro,0,False
Calga Luminosa Suprema.,0,False
Anel do Sol Ardente-,0,False
coragao diabolico:,0,False
Pedra de Adamar,0,False
Couro magico:,0,False
Foice Infinito,0,False
Dente de Dragao Atroz,0,False
Armadura Adamas Anciao,0,False
Ganhadora Antiga Infinita,0,False
Anel de Ouro de Mago,400000000,False
Bota Luminosa Autoritas:,0,False
Calga Luminosa Autoritas,0,False
Armad. Luminosa Autoritas:,0,False
Bracadeira de Ouro de Oraculo,0,False
Agua Benta de Cantabilian:,0,False
Lapis Sabio Ly?,0,False
Lapis Pergaminho do Vento:,0,False
Amuleto de Ouro de Defensor,0,False
Runa de Ressurreigao 3h,6000000,True
Armadura Perseguidor de Terra:,0,False
Armadura Inferior Respland.,0,False
Lapis Interser,0,False
Heraldica da Condenagao,0,False
Amuleto de Ouro de Ranger,0,False
Bracadeira de Ouro de Ranger,0,False
Avambraco Caido Resplandes.,0,False
Armadura Luminosa do Sabio de Vento:,0,False
Lapis Mistico Lv?,0,False
Lapis Mecanico N° 3°,0,False
Alustera Infinito.,0,False
Espada Celestial Intinita.,0,False
Armadura Luminosa Suprema de Agua:,2000000000,False
Protetor da Vingan¢ga,0,False
Bota Luminosa Suprema,0,False
Botas de Vinganga Brilhantes |,0,False
Lapis Mistico Lv3-,40000000,True
Armadura Dragao Deusa,10000000,False
Runa de Batalha Real (7 dias),0,False
Elmo Luminoso Imperial,500000000,False
Bota Luminosa Matador,0,False
Beriunse,0,False
Lapis Mistico Triplo Definitivo:,0,False
Lapis Astucia Duplo Nv?,400000000,False
Lapis Sensato N. 9°,0,False
Lapis Mistico de Capacete Ly2-,0,False
Dual Safe Lapis Lv6-,0,False
Lapis Seguro de Capacete Ly2.,0,False
Armadura Luminosa Suprema |,0,False
Dual Mystic Lapis Lv6-,0,False
Dedo Divino Intinito:,0,False
Cajado Sabio Infinito.,0,False
Bracelete Brilhante da Deusa,0,False
Colar Brilhante da Deusa-,0,False
Runa de Batalha Fraca (7 dias).,0,False
Armadura Luminosa Imperial de Agua:,2000000000,False
Triturador de Almas Infinito,10000000,False
Manto Mion,10000000,False
Resistencia Eterna 30 dias,0,False
Luvas Unicornio Legendario |,0,False
Lapis das Sombras,0,False
Amago Arvore Dourada,0,False
Trigéemeos,0,False
Recreagao Max: DEX,0,False
Tiro de Pan,0,False
Bigorna do Anel Eterno:,0,False
Malha Luminosa Profana:,0,False
Sorvete de baunilha:,0,False
Calga Joia,0,False
Botas Joia,0,False
Parafuso Pequeno,0,False
Armagao de Metal,0,False
Fio Curto:,0,False
Placa Pequena de Metal,0,False
Placa Premium de Metal,0,False
Microplaca de Metal,0,False
Nanotio,0,False
Microtio |,0,False
Mapa da Masmorra (24h),0,False
Pedra Teleportadora,0,False
Globo Infinito.,0,False
Transporte ao Contrabando,0,False
Capacete Deinos Deusa_,0,False
Poeira Estelar Cadtica:,0,False
Fragmento de Estrela Infinita,0,False
Luvas Axo Atroz,0,False
Protetor Lusco Atroz,0,False
Fragmento de Metal Espacial,0,False
Armadura Inferior Axo Atroz:,0,False
Livro de Feitigos de Baixa Qualidade,0,False
Protetor de Forca Bruta,0,False
Escudo Farpado Atroz,0,False
Cortaria do Infinito |,0,False
Armadura Mistica Resplande.,0,False
Langa Dilaceradora,0,False
Mortificado,0,False
Lapis de Absorgao Ly9-,0,False
Armadura de Atirador,0,False
Deputado divino-,0,False
Lapis Agua do Medo Ly.2.,0,False
Medo Sombrio:,0,False
Elmo Luminoso Imperador,0,False
Calga Luminosa Imperador,0,False
Toque da Alma,0,False
Protetor Intimidante,0,False
Protetor de Tormento,0,False
Besta llusoria,0,False
Armadura Luminosa Imperador,0,False
Amuleto de Ouro de Oraculo,0,False
Lapis Congelador Ly?,0,False
Pergaminho de Aparencia,0,False
Anel de Ouro de Oraculo:,0,False
Lapis do Engano Ly4,0,False
Lapis Vigor Lv5-,0,False
Lapis Vigor Lv6-,0,False
Anel de Ouro de Lutador,0,False
Lapis Vigor Lv?,0,False
Manto Cheruvim,0,False
Pilula Pequena Removedora EXP,0,False
Elmo Luminoso Yinganga,0,False
Bota Luminosa Yinganca,0,False
Remedio da Resisténcia Ly3_,0,False
Teraphim Intinito-,0,False
Terror Intinito:,0,False
Capa Sorrateira:,0,False
Manopla de Imperador Respl.,0,False
Capa Prudente,0,False
Protetor Fatal de Fogo:,0,False
Capa da Besta,0,False
Bolsa classe Item Lv1,0,False
Luvas Fatais:,0,False
Machado do Observador,0,False
Capacete Contaminagao,0,False
VOo0 da Aquia Infinita:,0,False
Armadura Medicus:,0,False
Anel de Ouro de Cagador,0,False
Armadura Sensivel,0,False
Divisor de Dimensdes,0,False
Decreto de Deus,0,False
Elmo Sylma Neotito:,0,False
Gram Infinite,0,False
Calga Medicus,0,False
Sorriso da Deusa,0,False
Anel Resplandescente de De.,0,False
Elmo Luminoso de Tirana:,0,False
Vampira Infinite,0,False
Armadura Luminosa do Sabio de Agua,0,False
Tintura de Arma Crowly,0,False
Tintura de Traie Crowly,0,False
Aumento de EXP 1 Hora,0,False
Troca de Fichas de Arma Elemental,0,False
Armadura Inferior de Vinga.,0,False
Bracadeira de Prata de Cag.,0,False
Esconderijo Foriado nas Sombras-,0,False
Protetor Vingador Brilha,0,False
Capacete Adamas Deusa,0,False
Elmo Luminoso Autoritas:,20000000,False
Bracadeira de Ranger Respl.,0,False
Anel Resplandescente de Ra.,0,False
Escudo Péndulo-,0,False
Armadura de Placa Legendario |,0,False
Protetor 4xo Legendario:,0,False
Capacete Miragem Legendario:,0,False
Luvas Miragem Legendario |,0,False
Botas de Miragem Legendario |,0,False
Calgado Morcela Legendario,0,False
Corvo da Renuncia,0,False
Lapisia Poderosa:,0,False
Remedio da Reagao Lv1,0,False
Bastao Abencgoado,0,False
Lapis de Assalto Lv6,0,False
Luvas Brilhante:,0,False
Sussurro do Deménio-,0,False
Calga Mithril Deusa-,0,False
Presente assustador de Loca’,0,False
Protetor Dominador Resplan.,0,False
Luva Nascor,0,False
Invocador de Demonios:,0,False
"ao Gigante
Coragao Gigé",0,False
Vale de Armadura Luminosa (Superior),0,False
Naseemprion Legendario,0,False
GM Encanto Ly.2,0,False
Recreagao Doubler: LUC,5000000,False
Botas de Autoridade Brilha.,0,False
Vinganga Infinita,0,False
GM Encanto Ly.13°,200000000,False
Apsaras Legendaria:,0,False
Mirinae,0,False
Capa do Obstinado,0,False
Armadura Inferior de Tormento-,0,False
Alfa e Omega Infinitos:,0,False
Luva Contaminagao dos Sonhos,0,False
Protetor Nascor dos Sonhos,0,False
Capa da Forca,0,False
Sithneth |,0,False
Armadura Inferior Dominado.,0,False
Armadura de Imperador Resp.,0,False
Botas de Imperador Resplan.,0,False
Quadrado Cadtico Infinite”,0,False
Ragao Vermelha,0,False
Lapis Capacete DEX,0,False
Bracadeira de Ouro de Defe.,0,False
Lapis Sabio duplo Nv6_,0,False
Runa de Batalha Media (1 hora),0,False
Calgas da Autoridade Real.,0,False
Manopla de Autoridade Resp.,0,False
Caiado Mistico Atroz,0,False
Escudo Farpado Legendario,0,False
Esséncia Eterna,0,False
Esséncia Pesadelo,0,False
Esséncia de Bruxa,0,False
Esséncia Espirito,0,False
Destruidor Legendario,0,False
Caixa de Yerao,0,False
Valhalla Legendario,0,False
Javelin Espectro Legendario |,0,False
Luvas Tathar Atroz,0,False
Remedio da Vitalidade Ly3-,0,False
Echidna Infinito |,0,False
Remedio Mana Ly3-,0,False
Armadura Brilhante,0,False
Luva de Forga Bruta,0,False
Armadura Inferior de Forga.,0,False
Token de Troca de Recreagao:,5000000000,False
Floco de Neve de Eolo,0,False
Bracadeira de Ouro de Lutador,0,False
Remedio da Sabedoria Ly3_,0,False
Remedio da Reagao Lv3-,0,False
Eltaphen Atroz:,0,False
Plumas da Beleza,0,False
GM Encanto Ly.12°,50000000,False
Lapis Toxina Lv6_,0,False
Remedio Reagao Lv 3 XT,0,False
Capa Privilegiada,0,False
Nostrum Golpe Limpo-,0,False
Botas Dragao Deusa,0,False
Pogao de Cura Grande de Ay.,0,False
Calga Mithril Herdico:,0,False
Protetor Ferox:,0,False
Protetor Adamas Legendario:,0,False
Calgas do Imperador,0,False
Martelo da tragedia.,0,False
Colecionador da Luz,0,False
Lapis Sabio Duplo Ly1,0,False
Protetor Ignit,0,False
Lapis da Vida LvS_,0,False
Lapis Artesanal Duplo Nv6_,0,False
Armadura Luminosa Clerigo-,0,False
Fragmento de Lapis Veloz,0,False
Capa Imperial de Pagao,0,False
Bota Luminosa Clerigo,0,False
Protetor Adamas Deusa,10000000,False
Armadura Inferior Adamas D.,0,False
Armadura Luminosa Clerigo de Terra:,0,False
Fragmento de Lapis Sonico:,0,False
Capacete Dominador Resplan.,0,False
Fragmento de Lapis Artesanal,0,False
Fragmento de Lapis Astuto |,0,False
Pogaa Intocavel Lv3-,0,False
Fragmento de Lapis Vivido,0,False
Elmo de Festa (F),0,False
Calgas Imperial Brilha,0,False
Calgas de Imperador Brilhante |,0,False
Faisca Brilhante Infinita:,0,False
"A,Estrela de Poseidon",0,False
Praga do Po da Alquimia da Terra:,0,False
Luvas Névoa Legendario |,0,False
"A,Estrela de Hefesto",0,False
Lapis Mistico N.9°,0,False
Lapis Sabio de Capacete Ly2-,0,False
Du-Sith Deusa-,0,False
Guilhotina:,0,False
Lagrimas da Deusa,0,False
Estilhago dos Elementares,0,False
Caixa da Pedra de Mystra.,0,False
Capa Rocha,0,False
Machado Polo Atroz,0,False
Tarefa Sangrenta,0,False
Lapis Fortuna Duplo Lv3-,0,False
Luvas Treffers,0,False
Susto de Yucon Legendario:,0,False
Recompensa do Querubim,0,False
Caiado Draconico:,0,False
Vashrian,0,False
Capacete Teneran,0,False
Arco Relampago Vénia,0,False
Botas Raffiniert,0,False
Botas Dentron Yenia,0,False
Avambrago Dominador Respla.,0,False
Escudo Dracénico,0,False
Protetor Dominador Brilhante,0,False
Lapis Amaldigoamento Ly?,0,False
Bracelete de Mana Lv2,0,False
Anel Estamina Lv2-,0,False
Anel de Mana Ly2,0,False
Bracelete de Estamina Ly2_,0,False
Bau de Tesouros de Dragao,0,False
Botas Adamas Anciao,0,False
Du-Sith Legendario:,0,False
Lapis Inter,0,False
Armadura Dragao Anciao |,0,False
Lapis Fortuna Ly4,0,False
Escudo Messias Escarlate D.,0,False
Arca Eldurse-,0,False
Lamina do Culto:,0,False
Caixa da Retidao (20),0,False
Luvas Couro Yenia-,0,False
Lapis Luz da Agua Lv.1,0,False
Calgas de Autoridade Respl.,0,False
Lapis Amaldigoamento Lv6,0,False
Lapis da Sonoléncia Lv6,0,False
Dosuber,0,False
Armadura Inferior Piton Deusa-,0,False
Caixa da Retidao (15),0,False
Dual Safe Lapis Lv?,0,False
Ceu Novo Deusa,0,False
Miolnir Deusa,0,False
Pique Eterna,0,False
Luvas Eremita Deusa,0,False
Ascalao Deusa,0,False
Arkainer:,0,False
Garra Espremedora,0,False
Lapis Astucia de Capacete Ly2,0,False
Botas Dominadoras Brilhantes:,0,False
Alma de Grandieta,0,False
Bau de Tesouros Lacrado:,0,False
Arca Tempestuoso-,0,False
Relampago Atena Deusa,0,False
Dente de Dragao Titan:,0,False
Tarkin Legendario:,0,False
Rei da Montanha Atroz,0,False
Mao da Natureza,0,False
Luva Luminosa Autoritas:,0,False
Rei da Montanha Legendario,0,False
Calgas Vallum,0,False
Calgas Adamas Anciao-,0,False
Malha Luminosa Corrupta,0,False
Calgado de Forca Bruta,0,False
Chapéu Ovelha (Furia),0,False
Escudo Bowen,0,False
Calga Adamas Deusa:,200000000,False
Botas Adamas Deusa,0,False
Doce de Natal L,0,False
Arco de Burnen:,0,False
Lamina Runa Legendario,0,False
Bomba da Natureza Infinita,0,False
Transporte a Casa de Guilda:,0,False
Transporte @ Capital,0,False
Transporte a Arena,0,False
Luvas Imperiais Pacificas,0,False
Protetor Névoa Legendario,0,False
Protetor Piton Deusa,10000000,False
Capa Infinita de Guardiao |,0,False
Lapis da Fortuna de Capace.,0,False
Luvas Piton Deusa:,10000000,False
Botas Hanor Deusa,10000000,False
Armadura Imperial,0,False
Calgado Anga Venia-,0,False
Protetor Bombardeio Yenia,0,False
Facas da Morte,0,False
Machado Semente Maligina,0,False
Javelin Draconico:,0,False
Luvas Bronze Veénia-,0,False
Amuleto de Mana Nv2-,0,False
Arcubalista Deusa,0,False
Botas Tatoram Perito-,0,False
Botas Dominadoras Respland.,0,False
Besta de Grudge,0,False
Botas Adamas Herdico:,0,False
Lamina Escamosa de Prata,0,False
Amuleto Tigre Branco:,0,False
Fragmento Ira do Rei,0,False
Botas de Autoridade,0,False
O Absoluto Deusa,0,False
Lapis Fortuna Duplo Lv2-,0,False
Armadura de Placa Atroz,0,False
Triturador de Almas Herdico |,0,False
Botas Dragao Herdico,0,False
Lapis Mistico Duplo Ly3-,0,False
Protetor Axo Atroz:,0,False
Castelo de Ago Deusa,0,False
Uma prova de Luz,0,False
Poderoso Colar das Trevas:,0,False
Arco Composto Venia-,0,False
Botas Ermitao Anciao,0,False
Calgado Eremita Legendario:,0,False
Protetor Piton Legendario |,0,False
Devorador de Cadaveres Her.,0,False
Calga Hanor Atroz:,0,False
Recreagao GM: SP,0,False
Recreagao Doubler: INT,50000000,False
Armadura Inferior Lusco Atroz:,0,False
Poder da Ira do Rei,0,False
Capacete Teneran Lendario:,0,False
Caixa da Retidao (50),0,False
Capa Infinita de Lutador,0,False
Calgas Sentinela,0,False
Manopla de Imperador Brilh.,0,False
Botas de Imperador Brilhantes:,0,False
Manopla de Dignidade,0,False
Armadura do Sentinela:,0,False
Caixa do Papai Noel,0,False
Bracal Luminosa Rancor,0,False
Lapis Afortunado N. 9°,40000000,False
Avambraco de Yinganca Resp.,0,False
Anel Resplandescente de Pagao,0,False
Anel Resplandescente de Mago,0,False
Assassino Noturno,0,False
Bracadeira de Ouro de Guer.,0,False
Anel de Ouro de Guerreiro,0,False
Botas de Vinganca Resplade.,0,False
Vale de Restauragao de Personagem,0,False
Armadura Inferior Sinistra:,0,False
False,0,False
False,0,False
False,0,False
,0,False
,0,False
,0,False
,0,False
,0,False
Lapis Proibido Lv6,0,False
Floco de Neve de Demeter,700000000,False
Fogos de Artificio do Amor,0,False
Fogos de Artificio Conquista,0,False
Anel de Prata de Guerreiro,0,False
Bracadeira de Guerreiro Rara,0,False
Amuleto Normal de Pagao,0,False
[1000)Etin:,0,False
Recreagao Exchange: vViS_,0,False
Armadura Sefirot Legendario:,0,False
Ganesha Vénia,0,False
Botas Imperial Brilha:,0,False
Armadura Tathar Atroz:,0,False
Calga Tathar Atroz:,0,False
Arco Demoniaco Infinite,0,False
Calgas de Imperador Respla.,0,False
GM Encanto Ly.19°,1000000000,False
Bracal Luminoso Tirana,0,False
Capa Infinita de Guerreiro,0,False
Pergaminho Troca de Sexo,0,False
GM Encanto Ly.11,0,False
Remedio da Agilidade Lv3.,0,False
Lapis Fogo Ardente Lv.1,0,False
Anel de Ouro de Pagao-,0,False
Lapis de Assalto Lv?,0,False
Carne Corte Fino,0,False
Armadura Atrio,0,False
Estera da Vida,0,False
Martelo de Cerimonia,0,False
Dragoon Herdico,0,False
Velha Chama,0,False
Amuleto Sonico do Esquecimento,0,False
Pdé de Ouro:,0,False
Amago Maligno,0,False
Balisarda Herdica,0,False
Angurvadal Herdica:,0,False
Ficha da Orientagao:,0,False
Carne Deformada,0,False
Lapis Loact,0,False
Anel Resplandescente de Ca.,0,False
"=squecidos
Vinganga dos Esqu",0,False
Bracadeira de Ouro de Cagador,0,False
Botas Loxe Legendario:,0,False
Quadrado Cadtico Pascal:,0,False
Luva Ignota,0,False
Biscoito Natalino |,0,False
Capa do Poder,0,False
Capacete Mistico Resplande.,0,False
Calga Brilhante |,0,False
Lapis Seguro Duplo Ly1,0,False
Lapis de Absorgao Lyv4,0,False
Melrolronte,0,False
Lapis Fortuna Ly2,0,False
Lapis Resistencia Ly2-,0,False
Lapis Vigor Lv2,0,False
Lapis Proibido Ly2-,0,False
Lapis de Assalto Ly2-,0,False
Lapis Sabio Ly2-,0,False
Lapis Mistico Lv2,0,False
Lapis Seguro Ly2-,0,False
Lapis Artesanal Lv2-,0,False
Psophos Herdico:,0,False
Disparo Celestial Atroz,0,False
Bracadeira de Ouro de Mago:,0,False
Bracadeira Resplandeste de.,0,False
Nostrum Demolidor:,0,False
Espada Envoi_,0,False
Arco Barbarico |,0,False
Runa de Batalha Real (1 hora),0,False
Mudanca de facgao da conta Fury to Light,0,False
Angurvadal Legendario,0,False
Recreagao Boost: LUC,0,False
Arco de Peniténcia:,0,False
Besta Péendulo-,0,False
Phalatz Atroz,0,False
Capa do Incorruptivel,0,False
Lapis Agao,0,False
Recreagao Boost: DEX,0,False
Toque do Destruidor,0,False
Lapis Base Premium,0,False
Protetor Sinistro de Agua:,0,False
Luva Contaminagao,0,False
Calgado Piton Deusa-,0,False
Protetor Obstinado de Terra:,0,False
Armadura Brilhante de Vento:,0,False
Lapis Inteligencia Lv?,0,False
Recreagao Max: REC,0,False
Botas de chapas Atroz:,0,False
Luvas Medicus dos Sonhos:,0,False
Calgado Lusco Legendario |,0,False
Capacete Lapinirt Deusa,0,False
Capacete Anga Legendario:,0,False
Anel Reino,0,False
Recreation GM: DEX,0,False
Manto Longo Contaminagao,0,False
Botas ‘Yallum,0,False
Lapis de Assalto LvS_,0,False
Lapis Sabio LyS-,0,False
Lapis do Sono,0,False
Martelo do Caos Legendario,0,False
Caos Infinito,0,False
Inquebravel Infinito.,0,False
Pedra Invoca Dragao Azul,0,False
Armadura Luminosa Imperador de Terra:,0,False
Poderoso Anel das Trevas,0,False
Poderoso Bracelete Trevas:,0,False
Malha Luminosa Yinganga de Yento,2000000000,False
Pacote de Encanto GM +5 [20],4000000000,False
Elmo Anor Anciao,0,False
Melan Kometes Infinito,0,False
Caixa de Lapisia para Arma 1 (Nv 6 a Nv 10),0,False
Bracadeira de Ouro de Clerigo:,0,False
Remedio da Inteligencia Ly2-,0,False
Calgado Intimidante-,0,False
Calgado Eremita Atroz,0,False
Spectrum Legendario:,0,False
Guerra Infernal Atroz:,0,False
Protetor Serche Neofito:,0,False
Bracadeira de Ouro de Pagao,0,False
Capacete de Autoridade Res.,0,False
Relampago Atena Atroz,0,False
Lapis Panico Terrestre Ly.1.,0,False
Machado da Loucura,0,False
Cangao da cobra:,0,False
Calga Dragao Legendario,0,False
Remedio de Explasao S 4,0,False
Capa Infinita de Defensor,0,False
Calga Dragao Deusa,0,False
Capacete Terron Legendario,0,False
Doce de Natal D-,30000000,True
Protetor Sinistro de Terra:,0,False
Remedio de Explasao D 4,0,False
Gorro Sinistro,0,False
Capacete Eremita Deusa:,0,False
Coroa da Criagao,0,False
Capacete Inteligente,0,False
Fenix Kisyo°,0,False
Lapis do Engano Ly,0,False
Pacote de Encanto GM +10 [10],0,False
Manopla Mistica Resplandes.,0,False
Lapis Ponto Cego Lv6-,0,False
Dente Dracénico Infinito,0,False
Legiao da Condenagao Atroz,0,False
Ceu Novo Atroz:,0,False
Protetor Eremita Atroz,0,False
Ragao Azul,0,False
Racgao Amarela,0,False
Armadura Celeritas,0,False
Armadura Couro Vénia-,0,False
Anel de Ouro de Ranger,0,False
Carrancudo Estripador,0,False
GM Encanto Ly.9,0,False
Ganesha Atroz,0,False
Recreagao Boost: INT,0,False
Calga Terra Atroz:,0,False
Remedio da Vitalidade Ly2-,0,False
Golpe Mortal Infinito,0,False
Abracgo de Eira,0,False
Ceu Novo Legendario:,0,False
Malha Luminosa de Rancor de Terra:,2000000000,False
Dor Imortal Legendario,0,False
Bato de Deus Legendario,0,False
Presa Infinita:,0,False
Longinus Atroz,0,False
Lapis Mental LvS_,0,False
Escudo Nomoun,0,False
Porta Celestial Atroz,0,False
Armadura Yallum,0,False
Lapis Resistencia Ly6-,0,False
Angolmois Legendario,0,False
Luvas Dominadoras:,0,False
Naseemprion Deusa:,0,False
Armadura de Imperador,0,False
Condenagao Eterna,0,False
Provagoes Infinitas:,0,False
Capacete Metal,0,False
Arco Divino Infinito.,0,False
Premonicao Infinita:,0,False
Calgas Sensiveis:,0,False
Manopla Luminosa Clerigo:,0,False
Luvas Terra Atroz,0,False
Recreagao Exchange: STR,0,False
Amago da Luz,0,False
Calgado Contaminagao:,0,False
Guarda do Caos,0,False
Lamina da Hipocrisia:,0,False
Calgado Axo Atroz:,0,False
Luvas Neévoa Atroz,0,False
Luvas Lusco Atroz,0,False
Flambergue Atroz,0,False
Pesadelo da Cobra.,0,False
Capacete de Vinganga Respl.,0,False
Kit Reliquia Sagrada,0,False
Sincelo da Morte,0,False
Capacete Morcela,0,False
Anel Brilhante da Deusa_,0,False
Amuleto de Ouro de Pagao,0,False
Caga-Demonios Infinito:,0,False
Plumas da Nobreza,0,False
Luvas Hanor Legendario:,0,False
Armadura Hanor Legendario,0,False
Armadura Terra Atroz:,0,False
Escudo Nobre:,0,False
Luvas Celeritas:,0,False
Calgado Tentador,0,False
Manopla Luminosa do Sabio-,0,False
Lapis Seguro Duplo Ly2-,0,False
Bota Luminosa do Sabio-,0,False
Avambrago Dominador Brilhante-,0,False
Armadura Inferior Axo Lege.,0,False
Calgado Anga Legendario:,0,False
Capacete Agaton Lendario,0,False
Luvas Anga Legendario,0,False
Capacete Amaraer,0,False
Protetor Fatal de Vento:,0,False
Armadura Inferior Piton Atroz:,0,False
Guardiao |,0,False
Madris:,0,False
Calga Freya Atroz,0,False
Runas Contaminadas,0,False
Amuleto da Fortuna Heroica:,0,False
Botao de Ouro:,0,False
Tosador Fatal,0,False
Beris,0,False
Estragalhador Troll,0,False
Espinho Fantasma,0,False
Escudo Messias Escarlate H.,0,False
Angurvadal Infinito.,0,False
Capa do Juramento,0,False
Dentes de Kazee,0,False
Protetor de Vingan¢ga Respl.,0,False
Meia-Lua Venia-,0,False
Armadura Inferior Ignota d.,0,False
Botas Bronze Vénia,0,False
Calgas Celestial,0,False
Manopla de Espontaneidade,0,False
Lapis da Dor Lv?,0,False
Lamina Runa Atroz:,0,False
Lapis da Astucia Lyv4,0,False
Lapis Seguro Ly4,0,False
Lapis Artesanal Lv4-,0,False
Lapis da Astucia Ly3-,0,False
Lapis Artesanal Lv3-,0,False
Lapis Mistico Lv3.,0,False
Lapis Fortuna Ly3,0,False
Calga Bronze Vénia,0,False
Runa de Batalha Real (15 dias),0,False
Calgas Misticas Brilha:,0,False
Alma Sacra.,0,False
Divisor Infinite.,0,False
Poeira Estelar Intinita,0,False
Cobra Cruel,0,False
Luva Luminosa Imperial,0,False
Armadura Luminosa Imperial de Terra,2000000000,False
Armadura Luminosa Imperial de Vento,2000000000,False
Floco de Neve de Hefesto:,0,False
Recreagao Max: STR,0,False
Calga Terra Legendario,0,False
Capa Luta,0,False
Pacote Prevensao Ganho de EXP (24h),0,False
Capacete de Couro,0,False
Aerox Intinita:,0,False
Anel de Categoria Alta,0,False
Capa do Arqueiro:,0,False
Lapis Artesanal Duplo Ly2-,0,False
Espada de Prata Vénia,0,False
Cetro de Guerra Herdico:,0,False
Lapis Mental Lyd,0,False
Amuleto Heroico |,0,False
Armadura Luminosa Clerigo de Yento,0,False
Lamina Estrelas:,0,False
Capacete Hanor Deusa,10000000,False
Lapis Inteligencia Lv6-,0,False
Typhon Legendario-,0,False
Bracelete do Dia Branco:,0,False
Longinus Herdico,0,False
Amuleto Estrela Fugaz,0,False
Elmo Adamas Anciao,0,False
Armadura Mithril Perito,0,False
Amuleto Astuto Heroico |,0,False
Luvas Yallum dos Sonhos:,0,False
Coragao Amazonico:,0,False
Aumento de Ouro 7 dias:,0,False
Aumento de EXP 30 dias:,0,False
Lapisia de Defesa,0,False
Lapis Horizonte Lv2,0,False
Caiado da Precognigao:,0,False
Castelo de Ago Legendario:,0,False
Cogumelo de Po,0,False
Botas Tathar Atroz:,0,False
Grande Pogao Curativa:,0,False
Poeira de Metal Espacial,0,False
Capacete Morcela Legendario |,0,False
Capacete Deinos Legendario:,0,False
Calga Conflito |,0,False
Botas Conflito |,0,False
Capacete Celeritas:,0,False
Queijo Doce,0,False
Rapsodia do Caos,0,False
Garfo Torcido |,0,False
Mapa da Masmorra (1 vez),0,False
Calga Perseguidor,0,False
Malha Luminosa Corrupta de Vento,2000000000,False
Pdlo Lamia Infinito:,0,False
Capa do Poder de Rasputin:,0,False
Coragao Fenix:,0,False
Castelo de Ago Herdico,0,False
Perneiras Adamas Anciao-,0,False
Armadura Conflito de Terra:,0,False
Armadura Inferior Piton He.,0,False
Capacete Vallum,0,False
Armadura Sefirot Atroz:,0,False
Armadura Portuba,0,False
Zelot,0,False
Cajado do Homem Sabio,0,False
Armadura Adamas Herdico:,0,False
Calgado Eremita Herdico:,0,False
Botas Justia,0,False
Protetor Eremita Legendario:,0,False
Botas Hanor Legendario:,0,False
Calgado Obstinado,0,False
"Ill. Encantamento de Item [+1, Nv.1-10)",0,False
Cavaleiro Noturno Herdico,0,False
"A,Furia do Sol",0,False
Pacote de Encanto GM +5 [15],0,False
Calgas de Espontaneidade,0,False
Luvas do Jumong:,0,False
Cruzado Atroz:,0,False
Furia da Natureza,0,False
Elmo Ebano Neotito:,0,False
Khystz Atroz,0,False
Proeminencia,0,False
Espada Celestial,0,False
Lapis Enfermo Lv?,0,False
Pergaminho de Habilidade Explosiva,0,False
Suco de Envelhecimento de 365 Dias.,0,False
Suco de Envelhecimento de 1800 Dias,0,False
Deusa da Furia Nua,0,False
Deusa da Luz Nua,0,False
Armadura Fides,0,False
Botas Sensiveis,0,False
Manopla Sensivel,0,False
Lagrima de Troll B,0,False
"Lagrima de Troll C2,",0,False
Lagrima de Troll C3.,0,False
Calga Medicus dos Sonhos:,0,False
Runa N. 2 de Invocagao do Vendedor de Pog,0,False
Runa de Invocagao do Banco,0,False
Triturador Reino,0,False
Capacete Ignota,0,False
Capacete Nascor,0,False
Susto de Yucon Herdico:,0,False
Guerra Infernal Infinita,0,False
Amuleto de Guerreiro Raro,0,False
Nostrum da Concentragao,0,False
Lapis Astucia Duplo Lv2,0,False
Item de Preferéncia (Inativo),0,False
Calgas de Campeao,0,False
Lapis da Vida Lv4,0,False
Lapis Sabio Ly4,0,False
Destruidor de Cranios:,0,False
Remedio da Vitalidade 3 horas:,0,False
Lapis da Vida Lyv3,0,False
Lapis Astucia Duplo Lv1,0,False
Lapis Proibido Lv4,0,False
Elmo Adamas Iniciante,0,False
Protetor Adamas Anciao:,0,False
Lenco Adamas Anciao,0,False
Amuleto de Ouro de Arqueiro:,0,False
Eltaphen Legendario-,0,False
Brahma Perdida Herdico,0,False
Amago Espirito.,0,False
Falchion Intinito |,0,False
Armadura Luminosa do Sabio de Terra,2000000000,False
Caixa de Lapisia para Armadura 1 (Ny 6 a Nv,0,False
Fénix Crescente Herdico:,0,False
Polo Lamia Atroz,0,False
Botas Dragao Atroz,0,False
Armadura Inferior Adamas &.,0,False
Naseemprion Atroz,0,False
Lapis Mistico Lv4-,0,False
Amuleto Dragao Azul,0,False
Bracadeira Normal de Clérigo-,0,False
Bracelete Sensato Heroico,0,False
Lapis Mistico Duplo Ly2-,0,False
Cristal Pixie.,0,False
Alucard Herdico:,0,False
Luvas DiaNorte,0,False
Runa de Ressurreigao 7 dias,40000000,True
Luvas Morcela Legendario |,0,False
Armadura Inferior Névoa Le.,0,False
Falcao Primitivo,0,False
Rainha Mab Infinita:,0,False
Anel do Papai Noel Ly.2-,0,False
Lapis Resisténcia LyS-,0,False
Remedio Mana 3 horas:,0,False
Dragao,0,False
[SP] Bat Man (Furia),0,False
[SP] Fantasma (Furia),0,False
Mascara de Abobora (ORAPAG),0,False
Lapis Horizonte Lv1_,0,False
Remedio de Mana 5 Horas:,0,False
Remedio da Vitalidade Lv1,0,False
Martelo Supremo,0,False
Armadura Syma Nedtito,0,False
Calgas Sylma Nedfito,0,False
Manopla Sylma Nedtito,0,False
Botas Sylma Nedfito:,0,False
Armadura Inferior Fatal,0,False
Anel de Ouro de Arqueiro:,0,False
Calga de Placa Atroz,0,False
Protetor Syron Perito,0,False
Cetro de Serperte,0,False
Botas Syron Perito:,0,False
Perneiras Ermitao Anciao |,0,False
Falcao Piku,0,False
Armadura Sefirot Perito:,0,False
Luvas de Placa Atroz,0,False
Lihit Vierge,0,False
Gorro Fatal,0,False
Partisano Atroz,0,False
Ganhador Antigo:,0,False
Lamina Face,0,False
Nostrum Defesa,0,False
Remedio da Inteligencia Ly3-,0,False
Calgado Nascor,0,False
Bracadeira de Ouro de Arqu.,0,False
Espirito Divino,0,False
Armadura Perseguidor de Fogo.,0,False
Brahma Perdido Herdico,0,False
Langa Sagrada Infinita,0,False
Lapis da Dor Lv6,0,False
Prevengao de queda de EXP,0,False
False,0,False
Item sem nome,0,False
Amago do Pesadelo-,0,False
Capa Infinita de Ranger,0,False
Nostrum Feitigaria,0,False
Lapis Base,0,False
False,0,False
False,0,False
False,0,False
False,0,False
False,0,False
False,0,False
False,0,False
False,0,False
False,0,False
False,0,False
False,0,False
False,0,False
False,0,False
False,0,False
False,0,False
False,0,False
False,0,False
False,0,False
False,0,False
False,0,False
False,0,False
False,0,False
False,0,False
False,0,False
False,0,False
False,0,False
False,0,False
False,0,False
False,0,False
False,0,False
False,0,False
False,0,False
False,0,False
False,0,False
False,0,False
False,0,False
False,0,False
False,0,False
False,0,False
False,0,False
False,0,False
False,0,False
False,0,False
False,0,False
False,0,False
False,0,False
False,0,False
False,0,False
False,0,False
False,0,False
False,0,False
False,0,False
False,0,False
False,0,False
False,0,False
False,0,False
False,0,False
False,0,False
False,0,False
False,0,False
False,0,False
False,0,False
False,0,False
False,0,False
False,0,False
False,0,False
False,0,False
False,0,False
False,0,False
False,0,False
False,0,False
False,0,False
False,0,False
False,0,False
False,0,False
False,0,False
False,0,False
False,0,False
False,0,False
False,0,False
False,0,False
False,0,False
False,0,False
False,0,False
False,0,False
False,0,False
False,0,False
False,0,False
False,0,False
False,0,False
False,0,False
False,0,False
False,0,False
False,0,False
False,0,False
False,0,False
False,0,False
False,0,False
False,0,False
False,0,False
False,0,False
False,0,False
False,0,False
False,0,False
False,0,False
False,0,False
False,0,False
False,0,False
False,0,False
False,0,False
False,0,False
False,0,False
False,0,False
False,0,False
False,0,False
False,0,False
False,0,False
False,0,False
False,0,False
False,0,False
False,0,False
False,0,False
False,0,False
False,0,False
Cristal Pesadelo-,0,False
False,0,False
False,0,False
False,0,False
False,0,False
False,0,False
False,0,False
False,0,False
False,0,False
False,0,False
False,0,False
False,0,False
False,0,False
False,0,False
False,0,False
False,0,False
False,0,False
False,0,False
False,0,False
False,0,False
False,0,False
False,0,False
False,0,False
False,0,False
False,0,False
Recreagao Exchange: SP,0,False
Grande Pogao Super,0,False
Miolnir Atroz,0,False
Calga Adamas Atroz,0,False
Armadura Inferior Névoa Atroz,0,False
Recreagao Exchange: HP,0,False
Calgado Adamas Legendario:,0,False
Amuleto de Ouro de Guardiao |,0,False
Bracadeira de Ouro de Guar.,0,False
Anel de Ouro de Guardiao,0,False
Lapis Ventania Ly.1.,0,False
Remedio Inteligencia Lv3 XT,0,False
Alvadero.,0,False
Triturador Purpura,0,False
Gilter,0,False
Stonesher,0,False
Asas do Conhecimento-,0,False
Fogos de Artificio Borboleta,0,False
Lapis Inteligencia Lv5-,0,False
Armadura Mithril Deusa-,0,False
Capacete de Imperador,0,False
Adaga de Murmur,0,False
Amuleto de Pagao Raro-,0,False
Miolnir Legendario,0,False
Calga Mithril Legendario |,0,False
Luvas Dragao Legendario:,0,False
Calga Freya Legendario,0,False
Armadura Inferior Syron Le.,0,False
Armadura Inferior Tatoramo.,0,False
Brahma Perdido Legendario:,0,False
Protetor Syron Legendario:,0,False
Relampago Atena Legendario |,0,False
Elmo de Festa (L),0,False
O Absoluto Dois-,0,False
Luvas Piton Legendario:,0,False
Armadura Freya Legendario |,0,False
Protetor Tatoramo Legendario |,0,False
Luvas Eremita Legendario:,0,False
Capacete Dominador Brilhante:,0,False
Phalatz Legendario:,0,False
Esqueleto Dourado,0,False
Luvas Hanor Deusa,10000000,False
Capa Infinita de Pagao,0,False
Calgado Nevoa Legendario |,0,False
Toque de Deus Legendario,0,False
Protetor Mithril Legendario:,0,False
Calga Sefirot Legendario,0,False
Luvas Dragao Deusa,10000000,False
Capacete de Vinganga Brilh.,0,False
Protetor de Vinganga Brilh.,0,False
Esmagador Infinito,0,False
Machado Arca,0,False
GM Encanto Ly.5.,0,False
GM Encanto Ly.4,0,False
GM Encanto Ly.3.,0,False
Luvas Terron Atroz,0,False
Anel de Prata de Guardiao,0,False
Bracadeira de Guardiao Rara-,0,False
Bracadeira de Prata de Gua.,0,False
Anel Raro de Guardiao:,0,False
Amuleto de Guardiao Raro-,0,False
Pedra Invoca Rinoceronte A.,0,False
Justiga Infinita:,0,False
Toque da Morte Herdico,0,False
Trono Dragao,0,False
Calgado Morcela Vénia-,0,False
Sopro Divino Legendario:,0,False
Botas do Imperador,0,False
Phalatz Legendaria,0,False
Capacete de Autoridade Bri.,0,False
Anel Resplandescente de Ar.,0,False
Armadura Ebano Nedtito:,0,False
Calgas Ebano Nedfito:,0,False
Botas Ebano Neoftito:,0,False
Manopla Ebano Nedfito:,0,False
Foice Morte Herdico:,0,False
Luvas Adamas Legendario,0,False
Nostrum Feitigaria XT,0,False
Capa Infinita de Oraculo,0,False
Capacete Trapers Lendario:,0,False
Mephisto Legendario,0,False
Elmo Mithril Perito.,0,False
Anel de Ouro de Assassino-,0,False
Armadura Inferior Contamin.,0,False
Protetor Contaminagao,0,False
Armadura Inferior Adamas L.,0,False
Calgado Nevoa Atroz,0,False
Escudo Rhondel Atroz,0,False
Protetor Néevoa Atroz,0,False
Sminion |,0,False
Ruina Infinita:,0,False
Syderose Atroz,0,False
Echidna Atroz,0,False
Psophos Atroz,0,False
Forca de Merlin Atroz:,0,False
Capa das Sombras,0,False
Plazm Infinito-,0,False
Coragao de Tremas,0,False
Brandir,0,False
Amuleto de Ouro de Cagador,0,False
Amuleto de Ouro de Mago.,0,False
Armad. Luminosa Autoritas de Terra:,2000000000,False
Elmo Luminoso Rancor,0,False
Malha Luminosa de Rancor de Agua:,2000000000,False
Calgado Dominador,0,False
Capa da Santidade,0,False
Armadura Conflito de Vento:,0,False
Amuleto de Clérigo Raro-,0,False
Anel de Prata de Clerigo |,0,False
Bracadeira de Prata de Cle.,0,False
Bracadeira de Arqueiro Rara,0,False
Anel Raro de Clerigo-,0,False
Botas Adamas Legendario,0,False
Manopla Dragao Anciao,0,False
Miolnir Herdico,0,False
Armadura Adamas Atroz,0,False
Capacete Apiston Deusa,0,False
Melan Kometes,0,False
Botas de chapas Legendario:,0,False
Galho da Destruigao,0,False
Haguervatal,0,False
Unha de Vassilis,0,False
Luvas Tathar Legendario:,0,False
Rachroma Yan,0,False
xeora,0,False
Calga Couro Vénia-,0,False
Peixe Globo,0,False
Espada da trindade,0,False
Espéculo Palombi-,0,False
Orientagao da Deusa,10000000,False
Armadura Inferior Dominadora:,0,False
Herdi Dragao-,0,False
Berdysh,0,False
Espinho Devastador,0,False
Luvas Axo Venia-,0,False
Longinus Legendario,0,False
Lapis Seguro Ly3-,0,False
,0,False
,0,False
,0,False
,0,False
,0,False
,0,False
Capacete Piton Deusa,10000000,False
Botas Sylma Deusa,10000000,False
Luvas Escamas Nobre,0,False
Carretel Amapo-,0,False
Remedio da Reagao Lv2,0,False
Esqueleto Risen,0,False
Pescogo Escaldante,0,False
Recreagao Exchange: LUC,0,False
Destruidor de Cranios Infinito.,0,False
Bous Arsen:,0,False
Dente de herdi Dragacico,0,False
Lapis Imperteito Lv1_,0,False
Tarkin Herdico:,0,False
Armadura Inferior Mithril:,0,False
Dor Imortal Herdico:,0,False
Capa Feroz,0,False
Armas Elementais Quadrado Cadtico:,0,False
VYeneno Linz,0,False
Bastao de Raios Intinito:,0,False
Grande Pogao Mana,0,False
Ataque Cardiaco Infinito,0,False
Capacete Caido Brilhante,0,False
Avambraco Caido Brilhante,0,False
Amuleto de Assassino Raro,0,False
Botas Caidas Brilhantes,0,False
Anel de Prata de Pagao-,0,False
Anel Raro de Pagao.,0,False
Bracadeira de Prata de Pagao,0,False
Bracadeira de Pagao Rara,0,False
Anel Normal de Defensor,0,False
Protetor Mithril Perito:,0,False
Bracelete Lendario:,0,False
Porta do Céu Legendario:,50000000,False
False,0,False
Capa Brutal,0,False
Bracadeira de Cobre de Arq.,0,False
Capacete Deinos Quebrada,0,False
False,0,False
False,0,False
False,0,False
False,0,False
False,0,False
Protetor Sinistro-,0,False
Armad. Luminosa Autoritas de Fogo:,2000000000,False
Botas de Dignidade,0,False
Armadura Inferior Ignota:,0,False
Dente de Herdico Dragao,0,False
Karma Samsara Herdico:,0,False
Sangue Rubro Herdico,0,False
Botas Freya Herdico:,0,False
Fragmento de Lapis Seguro,0,False
Fragmento de Lapis Vigoroso,0,False
Fragmento de Lapis Mistico de Capacete,0,False
Fragmento de Lapis Seguro de Capacete,0,False
Fragmento de Lapis Astuto de Capacete,0,False
Fragmento de Lapis Enganador,0,False
Fragmento de Lapis de Ataque,0,False
Calgas da Autoridade,0,False
Lampada da Verdade,0,False
Protetor Piton Herdico:,0,False
Bracadeira Normal de Guerr.,0,False
Botas de Couro Veénia-,0,False
Lamina Curta Nobre-,0,False
Lapis Seguro Duplo Ly4,0,False
Maga,0,False
Roma,0,False
Anel Yeloz do Esquecimento,0,False
Cristal Alma,0,False
Lapis Resistencia Ly3-,0,False
Lapis Resistencia Ly4,0,False
Lapis de Assalto Lvy3-,0,False
Lapis de Assalto Lv4,0,False
Manto ‘Yallum-,0,False
Calgado Contaminagao dos 5S.,0,False
Armadura Luminosa Imperador de Agua,2000000000,False
Botas Hanor Herdico,0,False
Auken Lachio,0,False
Remedio da Agilidade Lv2,0,False
Atrum Shaton,0,False
Pocao Dissipadora,0,False
Anel Mistico Heroico:,0,False
Anel Elsian,0,False
Balisarda Atroz,0,False
Escudo Messias Escarlate 4.,0,False
Brahna Perdido Atroz:,0,False
"ao Gigante
Coragao Gigé",0,False
Manto Longo Nascor,0,False
Apocalipse:,0,False
Lapis Mental Ly3-,0,False
Amago Diabolico,0,False
Ruina Infernal,0,False
Armadura Conflito de Fogo:,0,False
Deus Actis,0,False
Gesevopu,0,False
Tiro Cobra,0,False
Recreagao Boost: STR:,0,False
Zuanda,0,False
Protetor Adamas Herdico |,0,False
Calgado Adamas Herdico,0,False
Calgas Plena Conflito,0,False
Remedio da Boa Sorte Ly3_,0,False
Calgas Misticas Resplandes.,0,False
Botas Misticas Resplandesc.,0,False
Bracelete Seguro Heroico:,0,False
Calgado Piton Legendario,0,False
Malhete de Jepito:,0,False
Runa de Invocagao do Armazem,0,False
Caiado Cruz Vénia-,0,False
Arma Lapisia +1,0,False
Lapis Artesanal de Capacet.,0,False
Amuleto Estamina Ly2-,0,False
Coragao de Pardalis:,0,False
Orgulho Marechal,0,False
Remedio Boa Sorte Ly2-,0,False
Calgas Anor Anciao:,0,False
Remedio Boa Sorte Ly3 XT,0,False
Doce de Natal |,0,False
Relampago Atena Intinito:,0,False
Machado de Prata Herdico:,0,False
Nostrum Atirador de Elite,0,False
Anel Raro de Defensor,0,False
Luvas de Realeza,0,False
Demolig¢ao Encontrada,0,False
Remedio da Resisténcia Lv1,0,False
Vale de Armadura Luminosa (Elmo),0,False
Guardiao da Morte:,0,False
Gimilit Cervo.,0,False
vvisram,0,False
Marmore Crescente,0,False
Bracadeira de Prata de Ass.,0,False
Anel de Prata de Assassino|,0,False
Anel Raro de Assassino-,0,False
Bracadeira de Assassino Rara,0,False
Botas Paradoxo,0,False
Manopla Paradoxo:,0,False
Protetor Tatoramo Deusa,0,False
Bato de Deus Deusa,0,False
Espada Maligna,0,False
Cicatriz D'Alma |,0,False
Arco de Campo Verde,0,False
Langa Purpura,0,False
Angolmois Intinito-,0,False
Capa da Vinganga,0,False
Martelo Gigante,0,False
Dragan Invisivel Herdico,0,False
Pedra Preciosa Lagrima da,0,False
Capacete Brilhante,0,False
Espirito da Natureza Infinito.,0,False
Luvas de Placa Legendario:,0,False
Tarkin Deusa,0,False
Langa Corvo:,0,False
Manopla de Imperador,0,False
Armad. Luminosa Autoritas de Yento,2000000000,False
Mareta de Dragao,0,False
Caixa Lapis Misterioso de Mystra:,0,False
Massacre,0,False
Calgas Misticas Brilhantes,0,False
Calgas Dragao Anciao,0,False
Martelo da Retribuigao,0,False
Protetor Fatal,0,False
Brahna Perdido Deusa,0,False
Frasco Mistico:,0,False
Remedio Agilidade Ly2-,0,False
Lamina As Nobre-,0,False
Espada Curta Leve Nobre:,0,False
Sangue Congelado Legendario:,0,False
Protetor Obstinado:,0,False
Arco Curto Nobre-,0,False
Calgas Celeritas dos Sonhos:,0,False
Capa Infinita de Cléerigo:,0,False
Espada Curta Nobre:,0,False
Remedio Energetico 3 horas,0,False
Lorde Aniquilagao,0,False
Lorde Demoligao Herdico,0,False
Arcadia da Morte Herdico |,0,False
Grande Pogao de Energia,0,False
Espada Estremecente,0,False
Armadura Luminosa Suprema de Fogo,2000000000,False
Botas Soron Perito:,0,False
Dragao Visivel,0,False
Quality Candleabra-,0,False
Capa da Revanche,0,False
Pluma Rara-,0,False
Lapis Sabio Ly3-,0,False
Aumento de EXP Premium (1h),0,False
Po Misterioso°,0,False
Lapis Vigor Lv3-,0,False
Armadura Yallum dos Sonhos |,0,False
Protegao Aranha:,0,False
Armadura Adamas Legendario:,0,False
Maldig¢ao Azure,0,False
Legiao da Condenagao Deusa:,0,False
Inferno Deusa:,0,False
Dor Imortal Deusa-,0,False
Tarkin Infinito.,0,False
Deus da Destruigao,0,False
Elmo vvilarin Neotito,0,False
Luvas Intimidantes:,0,False
False,0,False
vvhistaton Eos:,0,False
Ambar,0,False
Tomahawk Duplo Legendario:,0,False
False,0,False
False,0,False
Flor Dourada,0,False
"Lapis Agua do Medo Ly.1,",300000,False
Pedra Fetes,0,False
Espada Masinga,0,False
Castigo Dis Pulra,0,False
Remedio Sabedoria Ly3 XT,0,False
Botas Yallum dos Sonhos |,0,False
Forca de Merlin Legendario:,0,False
Falchion Legendaria,0,False
Echidna Legendario,0,False
Botas Sefirot Perito,0,False
Nemesis:,0,False
Botas Anor Anciao,0,False
Manopla Sefirot Perito:,0,False
Armadura Anor Anciao,0,False
Calgas Sefirot Perito:,0,False
Manopla Anor Anciao:,0,False
Armadura vVilarin Neotito:,0,False
Calgas vVilarin Neofito:,0,False
Manopla vVilarin Neotito:,0,False
Botas vVilarin Neoftito,0,False
Martelo de Conexao Lendario:,0,False
Taco de Espinhos Yeénia_,0,False
Guerra Infernal Legendario |,0,False
Bracelete Batida do Coragao:,0,False
Amuleto Doado Ly3-,0,False
Bussola de Kuluny,0,False
Fénix Crescente,0,False
Fio do Sucesso.,0,False
Restauragao de Operario Ly1,0,False
Remedio Reagao Ly 2,0,False
Remedio da Sabedoria Lv1,0,False
False,0,False
False,0,False
False,0,False
Vale de Armadura Luminosa,0,False
Recreagao Boost: REC,0,False
False,0,False
False,0,False
False,0,False
Runa de Batalha Fraca (30 dias),0,False
Anel de Saude Ly2-,0,False
Divider Angurvadal Herdico:,0,False
Candelabro-,0,False
Remedio de Explosao | 4,0,False
Pena Angelical,0,False
Bracadeira de Prata de Ranger,0,False
Capacete Perseguidor,0,False
Armadura Perseguidor de Vento,0,False
Retengao de EXP 1 dia,0,False
Bombardeio de Fogo:,0,False
Armadura Luminosa do Sabio de Fogo.,2000000000,False
Capacete Teneran Deusa,0,False
Malha Luminosa de Tirano de Agua,2000000000,False
Malha Luminosa de Tirano de Fogo:,2000000000,False
Malha Luminosa de Tirano de Terra:,2000000000,False
Malha Luminosa de Tirano de Vento,2000000000,False
Armadura Luminosa Suprema de Vento,2000000000,False
Calgas Mithril Perito,0,False
Manopla Mithril Perito,0,False
Reme-D,0,False
Escudo Chifre de vVivern-,0,False
Botas Medicus,0,False
Langa Santificada,0,False
Luvas Mithril Herdico,0,False
Arco de Campo de Ataque Atroz,0,False
False,0,False
Capacete Dragao Deusa,200000000,False
Capacete Mithril Deusa:,500000000,False
Berdysh Legendario:,0,False
Tomahawk Legendario,0,False
Bracadeira Normal de Arqueiro,0,False
Caixa de Odin 1.,0,False
Protetor Obstinado de Fogo:,0,False
Armadura Inferior Obstinada |,0,False
Armadura Freya Deusa,0,False
Lv2 Decd Lapis:,0,False
Arcubalista Herdico,0,False
False,0,False
False,0,False
False,0,False
Pesadelo Atroz,0,False
Lamina Unicornio Legendario:,0,False
Deusa da Luz,0,False
Protetores Tentadores,0,False
Pena Encantada,0,False
Divider Venia,0,False
Machado Polo Legendario:,0,False
Bracadeira Normal de Defensor,0,False
Amuleto Normal de Mago,0,False
Martelo do Desaparecimento Infinito,0,False
Harma,0,False
Pacote de Servigo GM (Inativo),0,False
Calgado Ignota,0,False
Armad. Luminosa Autoritas de Agua:,0,False
Mini Pogao Super,0,False
Amuleto Normal de Defensor,0,False
Anel de Cobre de Defensor,0,False
Asa de Pardalis:,0,False
Rubi Azul,0,False
Aegis Atroz,0,False
Machado do Observador Lege.,0,False
Pintura cadtica de Halloween,0,False
Vela Natalina:,0,False
Bastao de Doces:,0,False
Armadura Perseguidor de Agua,0,False
Bracadeira de Cobre de Ass.,0,False
Capa Interser,0,False
Aerox Deusa,0,False
Manto Longo Ignota,0,False
Guarda do Apocalipse,0,False
Du-Sith Herdico:,0,False
Pogao Mana,0,False
Triturador Infinite,0,False
False,0,False
False,0,False
False,0,False
Calga Miragem Yenaracion |,0,False
Anel do Papai Noel Lv.1,0,False
Psophos Karma Atroz:,0,False
Bracadeira Normal de Guardiao |,0,False
Capacete Mithril,0,False
Luvas Imperiais do Sabio-,0,False
Armadura Sefirot Herdico |,0,False
Abismo Duplo Herdico:,0,False
Anel de Cobre de Pagao:,0,False
Amuleto Normal de Guardiao,0,False
Bracadeira de Cobre de Cag.,0,False
Armadura Raffiniert,0,False
Chapeéu Imperial Yeloz,0,False
Rainha Mab Herdico:,0,False
Nirvana,0,False
Arco de Campo Composto Yeénia,0,False
Luvas Tentadoras,0,False
Saudacgao Infinita:,0,False
ERROR:,0,False
False,0,False
False,0,False
False,0,False
False,0,False
False,0,False
False,0,False
Doce de Soja,0,False
Calgas Justia:,0,False
Calgas Decoris,0,False
Capacete Sensivel Lendario |,0,False
Doce de Maga,0,False
Armadura Unicornio Atroz:,0,False
Calga Fides:,0,False
Castelo de Aco Atroz,0,False
Toque de Deus Atroz,0,False
Calga Unicornio Atroz:,0,False
Calga Hanor Legendario |,0,False
Escudo Abrilhantado,0,False
Calgado Terron Legendario |,0,False
Luvas Ohgerton,0,False
Calga Raffiniert,0,False
Capa Infinita de Assassino-,0,False
Luvas Raffiniert,0,False
Doce de Cereia,0,False
"A,Forca de Blenning",0,False
Doce Delicioso,0,False
Calga Adamas Legendario:,0,False
Luva Ignota dos Sonhos:,0,False
Armadura Hanor Atroz:,0,False
Botas Hanor Atroz:,0,False
Anel Tita,0,False
Mudanc¢a de facgao da conta Light to Fury,0,False
Anel Normal de Assassino |,0,False
Osso Demoniaco:,0,False
Bracadeira de Prata de Gue.,0,False
Protetor Fatal de Agua,0,False
Calgado de Tormento,0,False
Luvas de Tormento-,0,False
Amuleto Normal de Guerreiro:,0,False
Amuleto Normal de Oraculo:,0,False
Bracadeira de Cobre de Gua.,0,False
Armadura Luminosa Clerigo de Agua,0,False
Lapis Mistico Triplo Defir,0,False
Perneira Luminosa Tiran,0,False
Runa de Recriacdo (REC,0,False
Calgado Treffers:,0,False
Remedio da Resisténcia Ly2_,0,False
Botas Emira,0,False
Perneiras Rytir,0,False
Centro de Reino,0,False
Lengo Ermitao Anciao,0,False
Calgado Ignota dos Sonhos:,0,False
Arco de Campo Amavel,0,False
Armadura Inferior Nascor,0,False
Armadura Sefirot Deusa:,0,False
Protetor Mithril Deusa,0,False
Malha Luminosa Matador de Terra:,0,False
Sol Negro Legendario:,0,False
Calgado Ferox,0,False
Sirius:,0,False
Calga Tathar Veénia-,0,False
Lapis Astucia Duplo Lv4-,0,False
Lapis Sabio Duplo Ly4,0,False
Manto Medicus |,0,False
Removedor de Coragao,0,False
Capa do Juramento de Fleming:,0,False
Protetor Obstinado de Agua,0,False
Malha Luminosa Vingancga de Agua,0,False
Cesta de Pascoa,0,False
Martelo de Combate,0,False
Luvas 4xo Legendario:,0,False
Emblema Escura Intinito:,0,False
Sombra.,0,False
Toque Luminoso-,0,False
Sonico Novo:,0,False
Estrela Arcana,0,False
Nemesis Herdico,0,False
Capa do Julgamento-,0,False
Tesouras de Ouro,0,False
Manopla de Autoridade,0,False
Armadura Inferior Piton Le.,0,False
Recreagao Boost: vis,0,False
Recreagao Max: vViS-,0,False
Tarkin Atroz,0,False
Angurvadal Atroz,0,False
Arco Maligno-,0,False
Luyvas Terron Herdico:,0,False
Armadura Inferior Terron A.,0,False
Calgado Terron Atroz:,0,False
False,0,False
False,0,False
Protetor Rytir:,0,False
Elmo Syron Perito:,0,False
Protetor Syron Herdico:,0,False
Armadura Inferior Syron He.,0,False
Luvas Syron Herdico,0,False
Calgado Syron Herdico:,0,False
Armadura Dragao Legendario |,0,False
Salvadores Duplo,0,False
Bermina,0,False
Botas Dragao Legendario,0,False
Anel de Compromiso-,0,False
Bracelete Arciel,0,False
Asa de Vesper,0,False
Escudo Cintilante:,0,False
Germina,0,False
Super Ligamento GM (6) (Inativo),0,False
Fantasma,0,False
Ninez,0,False
Tarkin Legendario,0,False
Arco Dividido-,0,False
Anel de Prata de Lutador,0,False
Guerra Tempestuosa Herdico,0,False
Bracelete de Estamina Lv1,0,False
Armadura Mithril Atroz,0,False
Fragmento de Lapis da Inteligencia,0,False
Osso do Demonia Intinito:,0,False
Remedio de Atributo N. 2.,0,False
Capacete Conflito:,0,False
Anel Mistico Lv6_,0,False
Tria Zen,0,False
Calgas Vallum dos Sonhos,0,False
Deusa da Furia,0,False
Armadura Dragao Herdico:,0,False
Manopla Adamas Anciao,0,False
Espada Desprezivel,0,False
Lapis Seguro Duplo Ly3_,0,False
Bracadeira de Cobre de Gue.,0,False
Lv2 Roser Lapis,0,False
Botas da Primavera,0,False
Energia dos Antigos:,0,False
Lamina Sangrenta,0,False
False,0,False
False,0,False
Calgado Axo Legendario:,0,False
Protetor Furia,0,False
Armadura Inferior Furia:,0,False
Remedio Sabedoria Ly2_,0,False
Golpe de Aquia,0,False
Capa Engenhosa:,0,False
Capa da Defesa,0,False
Frasco Seguro.,0,False
Frasco Artesao.,0,False
False,0,False
False,0,False
False,0,False
Ascalao Atroz,0,False
"Doce de Natal 4,",0,False
Dente de Manticora Atroz,0,False
Tomahawk Duplo Atroz:,0,False
Cantavel Ensanguentado Atroz,0,False
Lamina Unicornio Atroz,0,False
Javelin Espectro Atroz,0,False
Valhalla Atroz,0,False
Machado Forte de Pedra,0,False
Mephisto Atroz,0,False
Tomahawk Atroz:,0,False
Berdysh Atroz:,0,False
Sol Negro Atroz:,0,False
Ceéu Novo Infinite,0,False
Protetor Deprimo,0,False
Pogao Abolidora,0,False
Pogao Medicinal,0,False
Luvas do Atirador,0,False
Tesouras de Prata,0,False
Pecas de Arco-lris:,0,False
Remedio de Explasao D 3°,0,False
Presa Celestial,0,False
Du-Sith Atroz,0,False
Furia da Natureza Intinita:,0,False
Chapéu Ovelha (Luz),0,False
Capacete Ferox,0,False
Herdico Lorde da Guerra:,0,False
Protetor Sinistro de Yento,0,False
Protetor Sinistro de Fogo:,0,False
Corte da Lamina,0,False
Pocao de Cura Continua Lv1,0,False
Pocgao da Vitalidade Contin.,0,False
Luvas Dragao Herdico,0,False
Pocao Mana Continua Lv1,0,False
Bracadeira de Prata de Lut.,0,False
Calga DiaNorte,0,False
Bode Natalino |,0,False
Lamina Loucura Infinita:,0,False
Langa do Diabo Infinito,0,False
Luvas Miragem Atroz:,0,False
Fabrica de Terror Sangrenta |,0,False
O Absoluto Herdico,0,False
Lapis Vigor Lv4-,0,False
Lapis Proibido Ly3,0,False
Lapis Inteligencia Lv3-,0,False
Lapis do Engano Ly3-,0,False
Lagrima de Lumi,0,False
Infinita e Absoluta,0,False
Calgado Ohgerton |,0,False
Botas DiaNorte |,0,False
Perneiras Syron Perito,0,False
Lengo Syron Perito:,0,False
Capacete Anga Atroz:,0,False
Bracelete Freon,0,False
Capacete de Imperador Bril.,0,False
Bracadeira Normal de Cagador,0,False
Botas Adamas Atroz,0,False
Gram Herdica,0,False
Capa Habilidosa,0,False
Luvas Adamas Atroz,0,False
Calga Portuba,0,False
Armadura Freya Herdico:,0,False
Rei da Montanha Herdico,0,False
Espirito Brilhante,0,False
Angolmois Atroz,0,False
Relampago Atena Herdico:,0,False
Calgado Lusco Atroz,0,False
Penumbra.,0,False
Atena Verde,0,False
Armadura Real.,0,False
Luvas da Primavera:,0,False
Lapis Mental N. 9°,0,False
Lapis Vigoroso N. 9,0,False
Remedio de Explosao D1,0,False
False,0,False
False,0,False
Mapa da Masmorra (7 dias),0,False
Elysium,0,False
"Rena de Natal,",0,False
Protecao Divina Herdico,0,False
Pesadelo Legendario,0,False
Bracadeira de Cagador Rara,0,False
Anel Raro de Cagador,0,False
Anel de Prata de Cagador,0,False
Bracelete das Trevas:,0,False
Anel das Trevas:,0,False
Lapis Inteligencia Lv4-,0,False
Luvas Sylma Deusa,0,False
Armadura Sylma Deusa,0,False
Ganesha Legendario,0,False
Pedra de EXP 5x (3h),0,False
Recreagao Max: LUC,0,False
Luvas Piton Herdico:,0,False
Plazm Deusa,0,False
Capa Incorruptivel,0,False
Armadura Inferior Intimidante-,0,False
Arco de Campo Demoniaco Atroz:,0,False
Partisano Legendario,0,False
False,0,False
False,0,False
False,0,False
Martelo de Conexao.,0,False
Capacete Loxe Atroz,0,False
Capacete Morcela Atroz:,0,False
Pulseira de Diamantes,0,False
Porta Celestial Herdicoa,0,False
Anel Normal de Cagador,0,False
Caixa de Musica Quebrada.,0,False
Sangue Rubro Atroz:,0,False
Bracadeira Normal de Oraculo:,0,False
Amago Alma,0,False
Amago Fantasma,0,False
Cristal Fantasma |,0,False
Alustero.,0,False
Gram,0,False
Lamina Dragao Herdico,0,False
Angolmois,0,False
Amago Caos Herdico,0,False
Gastratetes Herdico,0,False
Eltaphen:,0,False
Luyvas v¥ilarin |,0,False
Machado de Prata Duplo Veénia-,0,False
Luvas Morcela Yénia-,0,False
Espada Curta Leve Yeénia_,0,False
Armadura Inferior Morcela:,0,False
Luvas Bombardeio Yenia_,0,False
Dente de Manticora Legendario |,0,False
Pedra Dragonita:,0,False
Rei Perka,0,False
Javelin Perfurador Veénia-,0,False
Anel do Temor (Atroz),0,False
Coragao Leao Herdico,0,False
Calgado Bombardeio Yenia,0,False
Armadura Inferior Bombarde.,0,False
Remedio Resisténcia,0,False
Calga Hanor Herdico:,0,False
Botas Dragao Anciao,0,False
Cristal Espirito.,0,False
Garra de Pardalis:,0,False
Remedio Mana Lv1,0,False
False,0,False
False,0,False
False,0,False
Ascalao Herdica,0,False
Balisarda Herdico:,0,False
Grande Espada Divider Herdico |,0,False
Pulverizador Herdico,0,False
Mephisto,0,False
Luvas Teneran |,0,False
False,0,False
False,0,False
False,0,False
Pano Magico de Reino,0,False
Pergaminho Cura Confusao.,0,False
Lagrima Angelical,0,False
Cadaver de Inseto,0,False
Malha Luminosa Matador de Yento,0,False
"'¥. Encantamento de Item [+1, Nv.1-10*)",0,False
Luvas Joia,0,False
Susto de Yucon Atroz,0,False
Harupeon Atroz,0,False
False,0,False
False,0,False
False,0,False
Armadura Celestial,0,False
False,0,False
False,0,False
Ceu Novo Herdico,0,False
Protetor Ignota dos Sonhos:,0,False
Syderose Legendario:,0,False
Eigenst Legendario,0,False
Arco de Campo de Ataque Le.,0,False
Capa do Castigo |,0,False
Anel Nobre-,0,False
Amuleto Nobre-,0,False
Bracelete Abengoado Duplo Ly1,0,False
Anel de Foria Ly3-,0,False
Anel Freon,0,False
Remedio de Explasao R 2.,0,False
Remedio de Explosao L 2.,0,False
Amuleto de Arqueiro Raro-,0,False
Legiao da Condenagao Legen.,0,False
Armadura Mithril Herdico:,0,False
Amuleto da Fortuna Ly4,0,False
Capa do Juizo-,0,False
Luvas v¥ilarin Atroz,0,False
Recreation GM: STR:,0,False
Pogao de Avalon,0,False
Khystz Legendario:,0,False
Machado de Escoteira Intinito,0,False
Luvas Anga Atroz,0,False
Caijado Perola,0,False
Rei da Montanha Deusa,0,False
Angolmois Deusa,0,False
Toque de Deus Deusa,0,False
Dente de Dragao Deusa,0,False
Destruidor Herdico:,0,False
Hellraiser Herdico:,0,False
Luvas Morcela Herdico:,0,False
Amuleto da Determinagao,0,False
Amuleto Batida do Coragao:,0,False
Anel Batida do Coragao,0,False
Gran Machado Nobre-,0,False
Luvas Apis Nobre,0,False
Taco de Espinhos Nobre:,0,False
Tiamat,0,False
Capacete Syron Deusa,0,False
Calgado Syron Deusa,0,False
Protetor Syron Deusa:,0,False
Armadura Luminosa Imperador de Vento:,0,False
Faisca Brilhante Herdico:,0,False
Garfo Dourado |,0,False
Rilan Venenoso:,0,False
Bracelete Estrela Fugaz,0,False
Martelo de Conexao Lv?,0,False
Esperancga de Ouro,0,False
Malha Luminosa Matador de Agua,0,False
Armadura Conflito de Agua:,0,False
Capa Infinita de Mago:,0,False
Golpeador da Sorte,0,False
Cajado Mistico Legendario:,0,False
Luvas Ophiston:,0,False
False,0,False
False,0,False
Anel de Cobre de Mago,0,False
Ascalao Herdico |,0,False
Inferno Herdico |,0,False
Anel de Cobre de Guerreiro:,0,False
False,0,False
False,0,False
False,0,False
False,0,False
Golpe de Choque,0,False
Botas de Espontaneidade,0,False
Harupeon Legendario:,0,False
Dente Palune-,0,False
Protetor Dominador,0,False
False,0,False
False,0,False
False,0,False
Aerox Legendario,0,False
Cristal do Deserto,0,False
Bracadeira Normal de Pagao,0,False
Anel Normal de Pagao-,0,False
Caixa Mistéerio de Ouro Rainha Abobora Insar,0,False
Antena,0,False
Protetor Obstinado de Vento,0,False
Harupeon Infinite:,0,False
Bracadeira Normal de Lutador,0,False
Luva Nascor dos Sonhos,0,False
Mascara de Abobora (MAGICLE),0,False
Angurvadal Deusa-,0,False
Longinus Deusa,0,False
Herdi de Guerra Herdico:,0,False
Caixa da Retidao (10),0,False
False,0,False
False,0,False
False,0,False
Capa Imperial de Guardiao,0,False
False,0,False
CTS IST,0,False
\muleto da Sorte,0,False
Inha de Vassilis:,0,False
srotesca Infinito:,0,False
Capacete Escamas,0,False
Pé da Confianga,0,False
Botas Ophiston |,0,False
Capacete Lapinirt Lendario,0,False
Protetor Violento,0,False
Luva Violenta,0,False
Arktis Legendario:,0,False
Anel de Cobre de Assassino,0,False
Bracadeira Normal de Assas.,0,False
Bracadeira de Cobre de Ora.,0,False
Calgado Violento |,0,False
Protetor ‘Ysilom Nedfito:,0,False
Calgado Syron-,0,False
Luvas Freya.,0,False
Protetor Legiao,0,False
Gran Espada,0,False
Coragao de Dragao,0,False
Dragoon,0,False
Dragan Invisivel,0,False
Arcadia da Morte:,0,False
Chumbo Oxido-,0,False
Polo Lamia,0,False
Devorador de Cadaveres,0,False
Amago do Caos:,0,False
Toque de Deus,0,False
Calga Freya,0,False
Luvas Hanor,0,False
Luvas Mithril:,0,False
Luvas Syron-,0,False
Botas Sefirot,0,False
Calgado Tatoramo,0,False
Luvas Serche,0,False
Dor Immortal,0,False
Botas Mithril Deusa-,0,False
41 1000 O,0,False
False,0,False
Po Alquimia Terrestre,0,False
Ganesha Venia-,0,False
‘Venda €,0,False
1a de Forma Intinita: ‘Venda €,0,False
Armadura Joia-,0,False
Gastrafetes Atroz,0,False
Sopro Divino:,0,False
Protetor Contaminagao dos,0,False
Anel de Cobre de Cléerigo-,0,False
Rac,0,False
Fragmento de Lapis,0,False
False,0,False
Lengo Python Anciao:,0,False
Doces arco-iris,0,False
lsobarica,0,False
Citrin Transparente,0,False
Garnet da Princesa,0,False
Frasco Sabio-,0,False
Capa Cruel.,0,False
Elmo Soron Perito-,0,False
Arco de Ataque Legendario,0,False
Pulseira de Ouro.,0,False
Anel de Ouro:,0,False
Remedio de Explosao L 4,0,False
Remedio de Etain Lv2,0,False
Calgado Piton Atroz,0,False
Protetor Tatoram Perito,0,False
Remedio da Boa Sorte Ly2_,0,False
Armadura Inferior violenta:,0,False
Armadura Inferior Académicas:,0,False
Botas de Imperador,0,False
Luvas Brutais Venia-,0,False
Elmo Python Iniciante,0,False
Botas Python Anciao,0,False
Botas Selva,0,False
Luvas Selva,0,False
Calga Selva,0,False
Armadura Selva,0,False
Capacete Unicornio Quebrado,0,False
Elmo Ermitao Iniciante,0,False
Rac (Amuleto),0,False
Recreagao Exchange: DEX,0,False
Gladio Nobre-,0,False
Psophos Legendario:,0,False
Colar de Platina |,0,False
Rubio:,0,False
Sopro da Tempestade,0,False
Escudo Protetor da Natureza,0,False
Doce Dourado:,0,False
Armadura Inferior Teneran:,0,False
Disparo Celestial Deusa,0,False
Esséncia Celestial,0,False
Bracadeira de Cobre de Mago,0,False
False,0,False
False,0,False
Luvas Eremita,0,False
Capacete Colmeia Quebrado,0,False
Capacete Metrin Quebrado |,0,False
Capacete Teron Quebrada,0,False
Capacete Dignidade Quebrado-,0,False
Capacete Ulacruty Quebrado-,0,False
Capacete Sensivel Quebrada,0,False
Capacete de Metal Quebrada,0,False
Capacete de Couro Duro Quebrado,0,False
Legiao da Condenagao Dourada,0,False
Lamina As Nobre:,0,False
Capacete de Quinne Quebrado |,0,False
Capacete Lapinirt Quebrado |,0,False
Capacete Trapers Quebrado,0,False
"=sporo Branco:
Ameaca de Espc",0,False
Capacete Tormento Quebrado |,0,False
Capacete Morcele Quebrado,0,False
Coragao Esquerdo de Jeharr,0,False
Capacete Brutnis Quebrada,0,False
Colméia de Abelha Dourada,0,False
Capacete Intimidante Quebrado |,0,False
Cogumelo Crowley,0,False
Vinheira Digerida Pela Metade,0,False
Capacete Teneran Quebrado,0,False
Escamas de sereias,0,False
Secregao Grudenta,0,False
Esfera do Portal Dimensional,0,False
Capacete Escamas Quebrado,0,False
Capacete Agaton Quebrado |,0,False
Capacete Loche Quebrado |,0,False
Capacete Anga Quebrado,0,False
Capacete Apiston Quebrado,0,False
Capacete Miragem Quebrado-,0,False
Ametista Sagrada,0,False
Calgado Apis Nobre-,0,False
Armadura Inferior Axo,0,False
Luvas Axo.,0,False
Protetor Axo.,0,False
Protetor Apis Nobre-,0,False
Armadura Inferior Apis Nobre,0,False
Calgado Axo.,0,False
Arco de Campo de Batalha,0,False
Lamina Sagaz,0,False
Espectro Legendario,0,False
Armadura Mithril Legendario |,0,False
Alabarda Nobre-,0,False
Machado de duas maos,0,False
Javelin Nobre-,0,False
Maca Verde,0,False
Machado Duplo Nobre-,0,False
Alabarda,0,False
Javelin:,0,False
Martelo de Pedra Nobre-,0,False
Machado Duplo,0,False
Arco de Campo Curto:,0,False
Espada Curta,0,False
Garra.,0,False
Machado,0,False
Arco de Campo Curto Nobre |,0,False
Caiado Furia Nobre-,0,False
Lamina Curta:,0,False
Martelo de Pedra,0,False
Escudo Lozenge Nobre-,0,False
Machado de duas maos Nobre-,0,False
Banana Fresca,0,False
Banana Espirito:,0,False
Banana Vigorosa:,0,False
Lapis Mental Ly2_,0,False
Banana Dourada,0,False
Banana Verde,0,False
Mascara da Sorte de Abobor.,0,False
Grito do Diabo:,0,False
Fragmento de Lapis Sensato:,0,False
Fragmento de Lapis Afortunado de Capacete,0,False
Orgao Desenvolvido de Inseto:,0,False
Amuleto Sagaz Ly4,0,False
Super Ligamento GM (2) (Inativo),0,False
Elmo Serche Nedfito:,0,False
Amuleto de Oraculo Raro,0,False
Luvas Terra Legendario,0,False
Amuleto Raro de Ranger,0,False
Runa de Invocagao do Ferreiro,0,False
Capacete Unicornio Herdico,0,False
Calgado Axo Yenia-,0,False
Capacete Miragem Herdico,0,False
Botas Loxe Atroz,0,False
Bracelete Seguro Yenia,0,False
Amuleto Freon,0,False
Anel de Prata de Arqueiro:,0,False
Bracadeira de Prata de Arq.,0,False
Anel Raro de Arqueiro,0,False
Devogao Cega,0,False
False,0,False
False,0,False
False,0,False
False,0,False
Luvas Lusco Legendario:,0,False
False,0,False
Amuleto Normal de Lutador,0,False
Bracadeira de Cobre de Lut.,0,False
Bracadeira de Cobre de Def.,0,False
Calga Adamas Herdico:,0,False
Capacete da Dignidade Lendario |,0,False
Capacete Ulacruty Lendario:,0,False
Lapis da Vida Ly2.,0,False
Sopro Divino Herdico,0,False
Malha Luminosa Vinganga de Fogo,0,False
Botas Amaraer,0,False
Anel Coragao de Dragao,0,False
Arco de Campo Composto Her.,0,False
Capacete Académico,0,False
Espectro Deusa,0,False
Calga Dragao Atroz,0,False
Capacete Loxe Herdico,0,False
Armadura Justia:,0,False
Tensyo°,0,False
Botas Metal,0,False
Pergaminho Cura Hipnose-,0,False
Lapis Inteligencia Lv2,0,False
Colar das Trevas:,0,False
Satira Pura:,0,False
Esmeralda Nobre-,0,False
Capacete Unicornio Atroz,0,False
Karma Legendario,0,False
Fragmento de Lapis Mistico:,0,False
Fragmento de Lapis Fortuna,0,False
Botas Secor,0,False
Luvas Secor,0,False
Calga Secor,0,False
Armadura Secor,0,False
False,0,False
False,0,False
False,0,False
False,0,False
Aegis Deusa,0,False
Amuleto Tita,0,False
Escama de Quimera:,0,False
Capacete Apiston Legendario |,0,False
Frasco da Fortuna,0,False
Capa Besta,0,False
Pogao Sagrada,0,False
Bracelete Segura Ly4,0,False
Perneiras Serche Neofito |,0,False
Lengo Serche Neofito:,0,False
Botas Serche Nedfito:,0,False
Lagrima de Troll AS,0,False
Engolidor de Cadaver Atroz:,0,False
Angolmois Herdico:,0,False
Bato de Deus Herdico,0,False
Taco de Pontas Nobre-,0,False
Protetor de Aco Nobre,0,False
Armadura Inferior de Aco,0,False
Escudo Lozenge,0,False
Luvas Aco,0,False
Calgado de Aco,0,False
Protetor Piton Atroz,0,False
Calgado Brutal Yenia-,0,False
Esséncia Alma,0,False
Anel de Prata de Ranger,0,False
Anel Raro de Ranger:,0,False
Spectrum Atroz:,0,False
Pistantes Deprimo,0,False
Armadura Brilhante de Fogo,0,False
Quadrado Cadtico Furia,0,False
Armadura Soron Perito-,0,False
Calgas Soron Perito,0,False
Manopla Soron Perito,0,False
Capacete Metrin-,0,False
Fogo Rapido,0,False
Fragmento de Lapis Artesanal de Capacete,0,False
Anel de Cobre de Lutador,0,False
Calga Metal Azul.,0,False
Armadura Metal Azul,0,False
Nirvana Herdico:,0,False
Bane Tensyo-,0,False
False,0,False
Fio do Sucesso Herdico’,0,False
Luvas Mithril Deusa,0,False
Colar Lendario-,0,False
Capa habilidadeosa,0,False
Trago dos Daemons:,0,False
Machado de Prata,0,False
Gran Machado,0,False
Taco de Espinhos:,0,False
Malho Duplo,0,False
Escudo,0,False
Luvas Brutais,0,False
Berdysh Yenia |,0,False
Calgado Académicos,0,False
Bracadeira de Oraculo Rara,0,False
Psophos Karma Legendario,0,False
Tomahawk Duplo Veénia-,0,False
Pesadelo Vénia,0,False
Dente de Manticora Véenia,0,False
Tomahawk Veénia-,0,False
Forca de Merlin Deusa,0,False
Machado do Observador Atroz,0,False
Escudo Espinhos de Gelo,0,False
Protetor Fatal de Terra,0,False
Cantavel Ensanguentado Leg.,0,False
Armadura Inferior Anga,0,False
False,0,False
Lorde Demoligao Atroz,0,False
Manopla Inteligente,0,False
Remedio da Energia,0,False
False,0,False
False,0,False
False,0,False
